_,_,凡例 ND:名詞(独立) NC:名詞(複合) NP:代名詞 VI:非ba動詞 VT:ba動詞 P:前置詞 A:形容詞 AV:副詞 INT:間投詞 CON:接続詞 A/B:VI主語VT目的語/VT主語,,,,,,,,
_Word,Part,Translation,Etymology,,Example,,,,,
Aban,VI,Aに15をかける,,,,,,,,
Abw,ND,からだ、身体,,,,,,,,
Abwmo,NC,1.1. 査読 1.2 監査、監督 1.3. 宗師 1.4. 提督,Abu + mo,,,,,,,
Abwmopron,NC,査読院,Abumopron,,,,,,,
Abwpisxi,NC,姿勢、態度、対応、礼節,Abu + pisxi,,,,,,,
Ada,A,1. 適正な、適切な、2. ほどほどの、相応の、3. たよりがいのある,,,,,,,,
Ada,AV,1. 適切に、ほどほどに、2. 相応に,,,,,,,,
Ada,ND,1.1. 秤皿 1.2. (重量などの)測定 1.3 規格、基準 2.1. 価値、価格、評価、査定 2.2. 貫目、貫禄、甲斐性 2.3.爵位 3.観賞,,重量を量る秤皿,Ada go:,評価(観賞)する,,,,
Adamaz,A,適切な,,,,,,,,
Adamaz,AV,適切に,,,,,,,,
Adamaz,NC,適切,Ada + maz,,,,,,,
Adamenser,NC,尊岳父(始聖王の岳父マドールミニの尊称),Ada + menser,,,,,,,
Adapjz,NC,位下,Ada + piz,,,,,,,
Adapo:d,NC,位外,Ada + po:d,,,,,,,
Adaton,NC,(適切な方法) 慣習、慣例,Ada + ton,,,,,,,
Adawana:xa,NC,快適,Ada + wana:xa,,,,,,,
Agwm,ND,塩,,,,,,,,
Agwmzetos,NC,専売、専売品、禁制品,Agum + zetos,,,,,,,
Agwmzetospron,NC,塩鉄院,Agum + zetos + pron,,,,,,,
Ama,A,1.1. 全ての 1.2. 満杯の、満タンの 2. 完全の ,,,,,,,,
Ama,AV,1.1. すべて 1.2. 満杯に 2. 完全に、,,,,,,,,
Ama,ND,1.1. 全て、全 1.2. 満杯、満タン 2. 完全、完璧 3. (sej Ama / zin Ama)神,,,sej Ama,聖神,zin Ama,魔神,,
AmaAda,A,神の、天の、神聖な,,,,,,,,
AmaAda,NC,神、天、陛下、猊下、全爵、全位、王爵,Ama + Ada,,,,,,,
Amagasto,NC,全志,Ama + gasto,,,,,,,
Amanasjje,NC,人名(完全なる武士),Ama + nasije,,,,,,,
Amanasjjeron,NC,アーマナシェ聖典,Amanasije + ron,,,,,,,
Amanasje,ND,= Amanasije,,,,,,,,
Amaron,NC,1. 全ての書 2. きわめて莫大な数,Ama + ron,,,,,,,
Amasepmjda:tan,NC,全三六、道理、聖天,Ama + sepmida:tan,,,,,,,
Ame,A,あたらしい,,,,,,,,
Ame,ND,新,,,,,,,,
Amewazon,NC,人名(新王),Ame + wazon,,,,,,,
Amon,NC,総和、合計、総計,Ama + ton,,,,,,,
Ampan,NC,総乗,Ama + pan,,,,,,,
Amw,ND,鋳造、量産,,鉄の鋳造,,,,,,
Amw,VI,Aを鋳造する、Aを量産する,,,,,,,,
Amwra,NC,鋳造工場作業員、鋳造工場技術者、鋳造工場,Awx + ra,,,,,,,
Ap,ND,アプリ(アプリケーション),,app(英語),,,,,,
At,A,第十五の,,,,,,,,
Ata,ND,十五,,,,,,,,
Atan,VI,Aに十五を加える,,,,,,,,
Atjz,VI,Aから十五を引く,,,,,,,,
Atjwr,VI,Aを十五で割る,,,,,,,,
Ax,ND,能動的、動的、活動的,,,,,,,,
Axromjte,NC,人名(動的革新),Ax + romite,,,,,,,
ba,A,反する、逆の、反対の、対抗の,,,,,,,,
ba,AV,(受け身),,,,,,,,
ba,INT,いいえ、反対だ,,,,,,,,
ba,ND,反、逆、反対、反抗、対抗、逆転、アンチ,,逆数,,,,,,
ba,VI,1.1. Aの逆数をとる 1.2. Aをひっくりかえす、Aを逆さにする、Aを逆転する、Aを反転させる、 1.3. Aを引き返させる、Aを戻す、 2.1. Aを説得してやめさせる、Aに諫言する、2.2. Aに逆らう、Aに挑戦する、Aに反抗する、Aに反逆する、Aに謀反を起こす,,,,,,,,
ba:r ba,VT,BがAを重くする BがAに責任を転化する,,,,,,,,
ba:r,AV,かなり とても 非常に,,,,,,,,
ba:r,A,テトレーションの、重い、太い、高価な、よりよい,,,,,,,,
ba:r,ND,1.1 テトレーション 1.2. 重 2. 重量物 3. 錨、重り 4.太い物体,,数学のテトレーション,ba:r ton,押し潰す,,,,
ba:r,VI,1. Aのテトレーションを求める 2. Aを重くする,,,,,,,,
ba:rAda,NC,重爵、重位、侯爵,ba:r + Ada,,,,,,,
ba:rgasto,NC,重志,ba:r + gasto,,,,,,,
ba:rrwx,NC,人名(重い言葉),ba:r + rux,,,,,,,
ba:rsepmjda:tan,NC,重三六、国、州、国制,ba:r + sepmida:tan,,,,,,,
bab,ND,つまむこと つまみ食い 斜め読み 要約 概要 概観 視聴 搾取 抽出 選別 よりわけ経験,,,,,,,,
bab,VI,Aをつまむ Aをつまみ食いする Aを(ざっと/なにげなく)見る Aを斜め読みする Aを要約する Aを(ざっと/なにげなく)視聴する Aをしぼりとる Aを搾取する Aを抽出する Aだけをよりわける Aを経験する,,,,,,,,
baba,INT,いいえ,,,,,,,,
babar,NC,対性,ba + bar,,,,,,,
baber,NC,夜,ba + ber,,,,,,,
babron,NC,観客、視聴者,bab + ron,,,,,,,
badwg,ND,ねずみ、齧歯類,,,,,,,,
bagjd,A,逆方向の,,,,,,,,
bagjd,AV,逆方向へ,,,,,,,,
bagjd,NC,逆方向,ba + gid,,,,,,,
baje:,NC,違反、違法,ba + je:,,,,,,,
bajedj,NC,反対、反論、論駁、論争、反発,ba + jedi,,bajedi dar,論争する,bajedi jams ba,論駁する、反論する,,
bajnna,NC,免疫,ba + jinna,,,,,,,
bamdw,VI,Aが(後ろに)下がる、Aが身を引く、Aが退出する,,,,,,,,
banana,ND,バナナ,banana,英語,,,,,,
band,ND,(音楽の)バンド,,,,,,,,
baOn,NC,存在ではない、存在を超えた,ba + On,,,,,,,
bar,A,水の、俗の、生物の、生類の,,,,,,,,
bar,ND,1.1. 水、湯 1.2. 天水 1.3. 液体 2. 生物、生類 3. 俗 生殖 原性 酸性 酸 水素,水,,bar piz ma hadis 潜水する bar wumi:h ba 排水する、水気をきる hob bar 湯、熱湯 bar jen ba 融解する、水に溶かす,,,,,
barat,NC,風呂、浴槽、プール,bar + wat,,,,,,,
barber,NC,俗界,bar + ber,,,,,,,
barbwr,NC,粗い、生、素材そのまま、野蛮,bar + bur,,,,,,,
bareje,ND,バレエ,,,,,,,,
barejn,NC,水素,bar + tejin,,,,,,,
baren,NC,凝集,bar + jen 水になる,,,,,,,
baren,VI,Aが液体になる、Aが凝集する,,,,,,,,
baretan,NC,コメ,bar + setan,,,,,,,
barhor,NC,生物,bar + hor,,,,,,,
barjz,NC,水分子,bar + piz,,,,,,,
barjenba,NC,融解、溶解,bar + jen ba,,,,,,,
barjwr,NC,水素原子,bar + xjur,,,,,,,
barnejem,A,カジュアルの、くだけた、風俗の,,,,,,,,
baro:,NC,ヒドロン、水酸化物イオン,bar + zo:,,,,,,,
barron,NC,生物学,bar + ron,,,,,,,
barw,ND,ネコ,,,,,,,,
barxawo,ND,水路、運河,bar + xawo,,,,,,,
bas,ND,バス(音楽),,,,,,,,
basago ba,VT,BがAに依存する、BがAに屈服させられる BがAに服従する,,,,,,,,
basago,ND,立つこと、立っているもの、起点、頼ること、心配、悩み,,,,,,,,
basago,P,～～によって、～～を起点として、～～を始めとして,,,,,,,,
basago,VI,Aに立つ、Aが起こる、Aを起点とする、Aに頼る、Aを心配する、Aを悩む,,,bjdazon basago,ありがとう かたじけない,,,,
basagoba,NC,依存、屈服、服従,basago + ba,,,,,,,
basagobajnna,NC,依存症,basagoba + jinna,,,,,,,
basagota:ba,NC,苦悩、苦痛,basago + ta ba,,,,,,,
basxetbo:r,ND,バスケットボール,basketball(英語),,,,,,,
bat,ND,バット(野球),,,,,,,,
bata:,NC,裏切り、侮辱、陵辱,ba + ta:,,,,,,,
bata:,VI,Aを裏切る、Aを辱かしめる,,,,,,,,
baton,NC,受け身化、逆転、対抗、他動詞化、魔法化,ba + ton,,,,,,,
baxterja,ND,細菌、バクテリア,bacteria(英語),,,,,,,
be:sbo:r,ND,野球,baseball(英語),,,,,,,
bebj,ND,歯,,,,,,,,
bebjagrw,ND,(歯で)かむこと,bebj + gagru,,,,,,,
bebjagrw,VI,Aをかむ,,,,,,,,
beh,ND,胸,,,,,,,,
behjwr,NC,乳房,beh + ja:rjur,,,,,,,
ber ba,VT,BがAの時間をすすめる BがAに手間暇をかけさせる,,,,,,,,
ber,ND,広場 公園 議場 フィールド 時空間 世界 時間経過 時間進行 日 年 年齢 昼 終了 完結 締切,広い時空間の場,,,,,,,
ber,P,のところで、の時に,,,,,,,,
ber,VI,1. A(時間)が経過した、A(時間)だけ進んだ 2. Aがなされた,,,,,,,,
bert,A,第十二の,,,,,,,,
ber,AV,年に,,,ma ber 今年に,,,,,
berban,VI,Aに十二を掛ける,,,,,,,,
beren,ND,一グロス(十二×十二),,,,,,,,
berhob,A,毎年の,,,,,,,,
berhob,AV,一年ごとに,,,,,,,,
berhob,NC,毎年,ber + hob,,,,,,,
berjwr,NC,1. 十二分の一 2. 時(時間),berte + xjur,,,,,,,
berjwr,VI,Aを十二で割る,,,,,,,,
bermado:r,NC,(一時の)流行,ber + mado:r,,,,,,,
bersetan,NC,夜明け,ber + setan,,,,,,,
berte,ND,十二(十六進法・六十進法),,,,,,,,
berten,NC,Aに十二を加える,berte + ton,,,,,,,
berten,ND,1. 一ダース 2. 月(時間),,,,,,,,
bertjz,VI,Aから十二を引く,,,,,,,,
berton,AV,そこで その場で そのときに,ber + ton,,,,,,,
berton,NC,作業場 台 机 テーブル 工場,ber + ton,,,,,,,
berxwr,NC,,ber + xur,,,,,,,
be:p,ND,1. 五十,,,,,,,,
be:pan,VI,Aに五十を掛ける,bi:p + pan,,,,,,,
be:pjz,VI,Aから五十を引く,bi:p + piz,,,,,,,
be:pjwr,VI,Aを五十で割る,bi:p + xjur,,,,,,,
be:pon,VI,Aに五十を加える,bi:p + ton,,,,,,,
bjr,ND,ビール,,,,,,,,
bjt,ND,ビート(音楽),,,,,,,,
bjd,A,この、私の,,,,,,,,
bjd,ND,これ、自分,,,,,,,,
bjd,NP,1. [第一代名詞]これ、私、小生 2. ～～を、～～をば、～～をこそ,,,,,,,,
bjdago,INT,ありがとう どうも はい ええ,,bjdazon basago の略,,,,,,
bjdas,NC,同胞、貴公、卿(二人称),bid + was,,,,,,,
bjdazon,NC,あなた(二人称・敬称),bid + wazon,,,,,,,
bjdra,NC,自宅,bid + ra,,,,,,,
bjnam,ND,藤,,,,,,,,
bjo:,ND,動物、野獣,,,,,,,,
bo:r,ND,球技 球技用のボール,ball,英語,,,,,,
bor,ND,ボルツマン定数(1.380,649 x 10^-23 J K^-1),,,,,,,
borban,VI,Aに十七を掛ける,,,,,,,,
bord,ND,十七,,,,,,,,
bordjz,VI,Aから十七を引く,,,,,,,,
bordjwr,VI,Aを十七で割る,,,,,,,,
bordon,VI,Aに十七を加える,,,,,,,,
brawza,NC,ブラウザ,browser(英語),,,,,,,
brjon,ND,我が家、故郷、本籍,,,,,,,,
brog,ND,ブログ,blog(英語),,,,,,,
bwberten,NC,十二月,berte + berten,,,,,,,
bwr ba,VT,BがAを命令する,,,,,,,,
bwr she,P,～～を横切って、～～の向こう側へ,,,,,,,,
bwr,ND,強調、断言、決めつけ、命令、指図,,,,,,,,
bwr,P,～～に対して、～～と比べて,,,,,,,,
bwr,VI,1. Aを強調する 2. Aを断言する、Aだと決めつける,,,,,,,,
bwrjedj,NC,反論,bur + jedi,,,,,,,
bwrjedj,VI,Aに反論する,,,,,,,,
da,INT,よし はい ああ うん まさしく なるほど これぞ,強調,,,,,,,
da: ba,VT,なぜBはAなのか(詰問、問責),,,,,,,,
da:,AV,仮定、疑問、反語、質問,,,,,,,,
da:,VI,もしかしたらAかもしれない,,,,,,,,
da:,A,第六の,,,,,,,,
da:ba,NC,詰問、問責、糺問,da: + ba,,,,,,,
da:bapron,NC,糺問院,da:ba + pron,,,,,,,
da:berten,NC,六月,da:ta + berten,,,,,,,
da:jet,CON,それにもかかわらず,da: + jet,,,,,,,
da:nam,NC,黄色,da:ta + nam,,da:nam temin 金色,,,,,
da:nametan,NC,トウモロコシ,da:nam + setan,,,,,,,
da:pan,VI,Aに六を掛ける,,,,,,,,
da:r,ND,かがやき,,,,,,,,
da:rten,NC,人名(かがやかしい選抜),da:r + ten,,,,,,,
da:ta,ND,六,,,,,,,,
da:tan,NC,家族、家庭、世帯,da:ta + ton,,,,,,,
da:tan,VI,Aに六を加える,,,,,,,,
da:tjz,VI,Aから六を引く,,,,,,,,
da:tjwr,VI,Aを六で割る,,,,,,,,
daber,NC,土曜日,da:ta + ber,,,,,,,
dabrjon,NC,人名(これぞまさしく故郷),,,da + brion,,,,,
damma,ND,車(車輪 duten をもつ物)、車両(自転車、バイク、自動車など),,,,,,,,
dar ba,VT,BがAを自由にする、BがAを解放する、BがAを釈放する、BがAを放任する、BがAを野放しにする、BがAをそそのかす,,,,,,,,
dar,A,1. 運動の、体を動かす 2. スポーツの、勝負の、ゲームの 3.1. 欲望の 3.2. 性欲の 子供の 原性の,,,,,,,,
dar,ND,運動、動作、勝負、競争、賭博、ゲーム、(生理的)欲求、欲望、性欲 子供 原性 人間 人民 衆生 百姓 大衆 ,,,,,,,,
dar,VI,1. Aが運動する、Aを動かす 2. A(勝負、競争、ゲーム、賭博)をする 3. A(性欲などの欲求)を欲する,闘争本能や生理的欲求で動く,,,,,,,
darba,NC,自由放任、解放、釈放、野放し、使嗾 子供,dar + ba,,darba ja:da 冷笑,,,,,
darba,A,赤ん坊の 子供の たわけた たわむれの 児戯っぽい 子供っぽい 幼い つたない 幼稚な,,,,,,,,
darber,NC,競技場,dar + ber,,,,,,,
darra,NC,競争者、ライバル,dar + ra,,,,,,,
daw,A,余裕のある、暇のある、空いている、趣味の、楽しい、快適な 安心な,,,,,,,,
daw,ND,1.1. 剰余、余り 1.2. 余りもの 2.1. (空間・時間の)余裕、暇、空き地、2.2. 余暇、趣味、遊び、楽しみ、2.3. 快適、快楽、3.1. かけら、断片 3.2. 紙片 3.3. 破片、デブリ、塵芥、ゴミ 4.1. 持分 4.2. 議決権 4.3. 株式 安心,除算の剰余,,,,,,,
daw,P,～～において、～～の場所で、～～(時間)のあいだずっと,,,,,,,,
dawber,P,日(時)のあいだずっと,daw + ber,,,,,,,
dazs,ND,(人や動物の)体毛,,,,,,,,
dazshjme:r,NC,毛布,dazs + hjme:r,,,,,,,
dazzot,NC,ブラシ、筆、ハケ,dazs + mesot,,dazzot wana:xa ブラシをかける,,,,,
deban,VI,Aに十を掛ける,,,,,,,,
degas,NC,泡,deto + genjas,,,,,,,
der,ND,1. 十(十進法) 2. 十六(十六進法) 3. 六十(六十進法) 第十の,,,,,,,,
derjz,VI,Aから十を引く,,,,,,,,
derjwr,VI,Aを十で割る,,,,,,,,
deron,VI,Aに十を加える,,,,,,,,
derwaton,NC,十進法,der + waton,,,,,,,
detan,NC,粥、飯,deto + setan,,,,,,,
deto,ND,気体、雰囲気,,,deto jen ba 気化する、煮る,,,,,
detojenba,NC,気化、沸騰、煮沸、煮ること、ボイル,deto + jen ba,,,,,,,
dhana,ND,ウサギ,,,,,,,,
djbban,VI,Aに四十を掛ける,,,,,,,,
djbra,ND,四十,,,,,,,,
djbran,VI,Aに四十を加える,,,,,,,,
djbriz,VI,Aから四十を引く,,,,,,,,
djbrjur,VI,Aを四十で割る,,,,,,,,
djg,ND,虫,,,,,,,,
djsor,A,奥行きの、深い,,,,,,,,
djsor,AV,奥向きに、深く,,,,,,,,
djsor,ND,深さ、奥行,,,,,,,,
djsorjh,NC,ブーツ,disor + rih,,,,,,,
domw,ND,時間、矢、ミサイル,時間,,,,,,,
dor,ND,ドル(通貨単位),,,,,,,,
dosjr,VI,1.1. Aを直す、Aを修理する、1.2. Aを修正する、Aを添削する,板金を叩いて元の形に直す,,,,,,,
dot,ND,ドット、小さな丸点,ドット,,,,,,,
dotto ba,VT,BがAを呼ぶ BがAを招集する BがAを拘束する BがAを束縛する BがAを固定する BがAを定義する BがAを婿・嫁にやる,,,,,,,,
dotto,CON,というのは、なぜならば,,,,,,,,
dotto,ND,1. 連結、連帯、連携、結束 2. 結婚、3. 回線,,,,,,,,
dotto,VI,Aが呼ばれる Aが結ばれる Aが連帯する Aが連携する Aが結婚する、Aが縁組する,,,,,,,,
dottoba,NC,招集、拘束、束縛、固定、定義、交配、嫁・婿入れ,dotto + ba,,,,,,,
dottogo:,VI,Aを連想する、Aと交際する,,,,,,,,
dottopha,NC,配偶者、嫁・婿、母、外戚,dotto + pha,,,,,,,
dottowej,NC,留置、拘留,,,,,,,,
dottowej,VI,Aを留置する,,,,,,,,
dwberten,NC,十月,der + berten,,,,,,,
dwten,NC,いけにえ(犠牲者)の選出 悪運の巡り 輪廻転生 生まれ変わり 回転すること 回転 輪 車輪 歯車 ハンドル 平たい丸皿 ろくろ 回路 サーキット場,dw + ten,,,,,,,
dw ba,VT,BがAを追放する、BがAを外す、BがAを勘当する、BがAを漏らす,,,,,,,,
dw,ND,1. 灰石数 2.1. 諸族、奴隷、使用人、奉仕者 2.2. 人民、領民 3. 卑族、魔族 4. 所有 ,灰石数(第5貴金属数),,,,,,,
dw,VI,Aを持つ、Aを所有する、Aが所属する、Aを養う,,,,,,,,
dwba,NC,追放、除名、勘当、放電、漏出,dw + ba,,,,,,,
dwga,NC,庭 庭園 領土 荘園 衛星 月 貴族 領主,dw + ga,,,,,,,
dwgaOwr,NC,宮臣,dwga + Owr,,,,,,,
dwgapha,NC,諸侯、列侯,dwga + pha,,,,,,,
dwgara,NC,宮廷,dwga + ra,,,,,,,
dwrma,ND,鳥,,,,,,,,
ga,ND,土、土地、床、星、惑星,,,,,,,,
gagrw,ND,はさむこと,,,,,,,,
gagrw,VI,Aをはさむ,,,,,,,,
gam,A,第十三の,,,,,,,,
gamoban,VI,Aに十三を掛ける,,,,,,,,
gamon,ND,十三,,,,,,,,
gamonAda,NC,十三爵、十三師,gamon + Ada,,,,,,,
gamonjz,VI,Aから十三を引く,,,,,,,,
gamonjwr,VI,Aを十三で割る,,,,,,,,
gamonon,VI,Aに十三を加える,,,,,,,,
gapha,NC,(荘園の)領民,ga + pha,,,,,,,
gasto,A,たけだけしい、いさましい、勇気のある、勇猛な、意志の強い、決意した、野望・野心のある,,,,,,,,
gasto,ND,1. たけだけしさ、いさましさ、勇気、勇猛 2.1. 意志(意思)、決意 2.2. 野望、野心 3. 政策,,,gasto gowje: 意思決定,,,,,
gasto,VI,Aをあえてやる,,,,,,,,
gastomahawazon,NC,人名(烈火王),gasto + maha + wazon,,,,,,,
gastonasjje,NC,人名(勇猛な武者),gasto + nasije,,,,,,,
gastopha,NC,勇者,gasto + pha,,,,,,,
gazo,NC,(自分の)領土、資産、封建契約,ga + wazo,,,,,,,
gazwga,NC,星間、国際,ga + zuga,,,,,,,
gazwgaber,NC,宇宙、宇宙空間,gazuga + ber,,,,,,,
gazwgasetan,NC,宇宙港,gazuga + setan,,,,,,,
gazwgat,NC,宇宙船舶、宇宙の軍艦,,,,,,,,
gen ba,VT,1. BがAを拡張する、BがAを膨らませる、BがAを広める、2. BがAを正統とする、BがAの権威を認める、BがAを認証する、BがAの権利を認める,,,,,,,,
gen,A,広い、常の、常識の、あたりまえの、正しい、正常の、正統の、慢性の,,,,,,,,
gen,AV,たしかに、常識的に考えて、ふつうは、いつも、ただしく,,,,,,,,
gen,ND,二乗、累乗、冪乗、次数、広、拡張、膨張、常態、常識、定石、正常、(天から認められた)正統・権威,,,,,,,,
gen,VI,1.1. Aが二乗される 1.2. Aが累乗される 2. Aが拡張される、Aが膨らむ 3. Aが正統となる、Aの権威が認められる,,,,,,,,
genAda,NC,広爵、広位、伯爵,gen + Ada,,,,,,,
genba,A,拡張された、膨らませた、正統とされた、権威を認められた、認証された、権利のある,,,,,,,,
genba,NC,1.1. 拡張、膨張、1.2. 放送 2.1. (他者から与えられた)正統・権威、認証、権利,gen + ba,,,,,,,
genbara,NC,放送者,genba + ra,,,,,,,
genbare:ne,NC,威厳,genba + ri:ne,,,,,,,
genbarwx,NC,証明書,genba + rux,,,,,,,
genbazjwr,NC,風船,genba + ja:rjur,,,,,,,
gendotto,NC,ブロードバンド,gen + dotto,,,,,,,
gengasto,NC,広志,gen + gasto,,,,,,,
genjas,NC,球、球体、ボール,gen + jas,,,,,,,
genmwmma,NC,次元,gen + mumma,,,,,,,
genra,NC,重役会、重役、,gen + ra,,,,,,,
getan,NC,パン,gen + setan,,,,,,,
gj,A,1.1. 愛の、愛情がある、愛する 1.2. 知恵の、知識がある 1.3. 徳の、徳がある 1.4. 有徳の人の 1.5. つつしみ深い、思慮深い 2.1. 保護下の、支配下の、2.2.えこひいきの 2.3. 私的な、個人的な、プライベートの 3. 文明の,,,,,,,,
gj,ND,1.1. 愛、愛情 1.2. 知恵、知識 1.3. 徳、愛徳、良識、良心 1.4. 有徳者 2.1. 保護 2.2. 支配 2.3.えこひいき 2.4. 私的、個人的、プライベート 3.文明,,,,,,,,
ge:setan,NC,コムギ、小麦粉,gi:su + setan,,,,,,,
ge:sw ba,VT,BがAを守らせる、BがAを遵守させる、BがAのために止めさせる、BがAのために抑止する,,,,,,,,
ge:sw,ND,粘着、接着、粘り気、遵守、防衛、したたかさ,,,,,,,,
ge:sw,VI,Aが粘着している、Aが接着している、Aにねばりけがある、Aを遵守している、Aを防衛している、Aが我慢している、Aがしたたかである,,,,,,,,
ge:swron,NC,兵衛府、防衛軍、国防軍、国軍,gi:su + ron,,,,,,,
gjd,ND,(風などの)流れ、向き、方向,,,,,,,,
gjd,P,～～に向かって、～～まで,,,,,,,,
gjdw,NC,知族,gi + dw,,,,,,,
gjhwtaj,NC,汚職,gi + hutaj,,,,,,,
gjpha,NC,大夫、講師、文民,gi + pha,,,,,,,
gjron,NC,(愛徳の教授)徳学,gi + ron,,,,,,,
gjwasw,NC,納言,gi + wasu,,,,,,,
gjwazon,NC,(愛徳の分配)徳治、福祉,gi + wazon,,,,,,,
gjxjwr ba,VT,BがAを解説する、BがAについてわかりやすく教える、BがAについて諭す、BがAをてなずける、BがAを指導(支配)する,,,,,,,,
gjxjwr,NC,分析、解釈、道理、明解、指導、支配、アナリスト、導師、聖職者,gi + xjur,,,,,,,
gjxjwr,VI,1. Aを読む、Aを読解する、Aを分析する、Aを解釈する 2. Aを指導する 3. Aを支配する,,,,,,,,
gjxjwrpron,NC,撫民院,gixjur + pron,,,,,,,
go: ba,VT,BがAを知らせる、BがAを開示する、BがAを見せつける、BがAをよそおう、BがAのようにふるまう、BがAを宣伝・広告する、BがAを演技する、BがAを埋め込む、BがAを忘れられなくさせる、BがAを自慢する,,,,,,,,
go:,A,承知した、承認した、認知の、観測した、記憶の,,,,,,,,
go:,INT,はい、その通り、わかった、承知した,,,,,,,,
go:,ND,1.1. 承知、了解 1.2. 承認、承諾 2. 認識、認知 3. 観測、観察 4. 記憶,,,,,,,,
go:,VI,1.1. Aを知る、Aを認識する 1.2. Aを承認する、Aを承諾する 2. Aを観測する、Aを観察する 3. Aを覚える、Aを記憶する 4. Aと面識がある,,,go: dar 好奇心,,,,,
go:ba,NC,通知、開示、宣伝、広告、見せしめ、ふるまい、演技、埋め込み、自慢,go: + ba,,,,,,,
go:bahjme:r,NC,(メッセージを伝えるための幕)(国旗、軍旗などの)旗、のぼり、横断幕,go:ba + hjme:r,,,,,,,
go:bara,NC,舞台、役者,go:ba + ra,,,,,,,
go:jwsa:no,NC,証言,go: + jusa:no,,,,,,,
gow she gjd,P,～～に沿って、～～の端から端まで,,,,,,,,
gow,ND,1.1. 端 1.2. 先端、角 1.3. 角度 2. あご 3. 極み、極限,,,,,,,,
gow,P,～～個の、～～だけ、～～のみ,,,,,,,,
gowje:,A,決定的な,,,,,,,,
gowje:,NC,決定、決断、制限、制約,gow + je:,,,,,,,
gowje:,VI,Aを決定する、Aを制限する,,,,,,,,
gram,ND,グラム(単位),,,,,,,,
gwno: ba,VT,BがAという結果に帰す AはBのせいである BはAの原因である AにはBという特徴がある AにはBという本質がある AはBという属性をもつ,,,,,,,,
gwno:,A,致死性の,,,,,,,,
gwno:,AV,結果として、すでに,,,,,,,,
gwno:,ND,贈与 贈与品 既存 既出 既知 結果 完了 死,,,,,,,,
gwno:,VI,Aを与える Aという結果となる Aというもの・ことが周知される,,,hob guno:,生活する、住む、暮らす,ten guno: nj rjp,おまえに死を賜わる,,
gwno:ba,NC,帰責 原因 主犯 戦犯 元凶 黒幕 殺人 暗殺 特徴 属性,guno: + ba,,,,,,,
gwno:gow,NC,冥淵,guno: + gow,,,,,,,
gwno:ra,NC,住所,guno: + ra,,guno:ra ron 住所録,,,,,
gwnwra ba,VT,BがAにしがみつく、BがAに寄生する,,,,,,,,
gwnwra daw,P,～～の中に、～～の周囲に,,,,,,,,
gwnwra,A,包括的,,,,,,,,
gwnwra,ND,囲繞、包装、部屋、船室,,,,,,,,
gwnwra,VI,Aを囲む、Aをとり巻く、Aを包む,,,,,,,,
gwnwraba,NC,とり巻き,gunwra + ba,,,,,,,
gwr,A,何の、何らかの,,,,,,,,
gwr,INT,なに、なんだと,,,,,,,,
gwr,ND,何、何か,,,,,,,,
gwr,NP,何,,,,,,,,
gwrber,A,どこかで、いつかの,,,,,,,,
gwrber,AV,どこで、いつ,,,,,,,,
gwrber,NP,どこで、いつ,gur + ber,,,,,,,
gwren,A,なんらかの(方法、手段、経緯),,,,,,,,
gwren,AV,どのように、どうにかして、どうか、かろうじて,,,,,,,,
gwren,NP,どのように,gur + jet,,,,,,,
gwrhor,NP,何か、誰か、何でも、誰でも,,,,,,,,
gwrhorber,NP,どこか、どこでも,,,,,,,,
gwrjt,A,なんらかの(理由、根拠、原因),,,,,,,,
gwrjt,AV,なぜ、どうして,,,,,,,,
gwrjt,INT,なぜやったんだ(なぜやらなかったんだ)、それがどうした,,,,,,,,
gwrjt,NP,なぜ,gur + mit,,,,,,,
gwrtah,A,なに者かの,,,,,,,,
gwrtah,INT,誰か、何者だ、なにやつだ,,,,,,,,
gwrtah,NP,なに者、なん人、なにやつ,gur + tah,,,,,,,
ha,INT,はあ,,,,,,,,
ha:,INT,はあ,,,,,,,,
ha:,A,第八の,,,,,,,,
ha:berten,NC,八月,ha:pa + berten,,,,,,,
ha:pa,ND,八,,,,,,,,
ha:paAda,NC,八爵,ha:pa + Ada,,,,,,,
ha:pan,NC,勅命、勅許、勅許状,ha:pa + ton 八の加算,,,,,,,
ha:pan,VI,Aに八を加える、Aに勅命(勅許状)を出す,,,,,,,,
ha:papha,NC,八師,ha:pa + pha,,,,,,,
ha:pasejan,NC,八天,ha:pa + sej + wan,,,,,,,
ha:pasejazon,NC,八聖王,ha:pa + sej + wazon,,,,,,,
ha:pjz,VI,Aから八を引く,,,,,,,,
ha:pjwr,VI,Aを八で割る,,,,,,,,
ha:wan,VI,Aに八を掛ける,,,,,,,,
hadjs ba,VT,BがAを下がらせる、BがAを降ろさせる、BがAを落書きする,,,,,,,,
hadjs,VI,1. Aが下る、Aが下がる、Aが降りる、Aを降ろす、Aを書き置く,,,,,,,,
hadjsba,NC,降下、荷降ろし、凝華,hadis + ba,,,,,,,
hag,ND,あご,,,,,,,,
haman,ND,許可,,,haman wazon ba 許可する haman jetos 許可を求める,,,,,
hamtj,VI,Aが帰る、Aが元に戻る、Aが戻る、Aが退院する,,,,,,,,
haron,NC,人名(八聖道論),ha(:pa) + ron,,,,,,,
hasw,NC,エンジュ,,,,,,,,
hat,VI,Aを読む、Aを学ぶ、Aを習う、Aを習得する,,,,,,,,
hawdj,ND,道具、器具,,,,,,,,
haz,A,1. あの 2. あのお方の,,,,,,,,
haz,A,あの、あの方の,,,,,,,,
haz,ND,1. 天界、天国 2. 魔界、地獄 3. 主、神 4. 御遺体,,,,,,,,
haz,NP,[第三代名詞] あれ、あの方,,,,,,,,
haz,P,～～のおかげで、～～のために,,,,,,,,
hazga,NC,墓地,haz + ga,,,,,,,
hazswnogba,NC,天使,haz + sunogba,,,,,,,
he:te ba,VT,BがAを脱出させる、BがAを逃がす、BによってAが逃げる、BからAが亡命する、BによってAが避難する,,,,,,,,
he:te,VI,Aの方へ行く Aの方へ去る Aに向かって出発する,,,,,,,,
he:teba,NC,避難、亡命、脱出,he:te + ba,,,,,,,
hem ba,VT,Bは代理(代表)としてAに参加する BがAを代行する BはAを代する BはAの代用品である BでAを代用する BがAの身代わりになる BをAの生贄とする BにAの罪を着せる,,,,,,,,
hem,ND,参加 馳参 推参 出席,,,,,,,,
hem,VI,Aに参加する Aに加わる Aへはせ参じる Aに出席する,,,,,,,,
hemba,NC,代 代理 代理人 代表 代行 代行者 委任 委員 代用 代用品 身代わり 影武者 生贄 冤罪 犠牲 犠牲者 神仏,hem + ba,,,,,,,
hembapha,NC,代議士、議員,hemba + pha,,,,,,,
hembara,NC,代理店,hemba + ra,,,,,,,
hember,NC,議会,hem + ber,,,,,,,
hempha,NC,参議,hem + pha,,,,,,,
hespan,VI,Aに十六を掛ける,,,,,,,,
hest,ND,十六・小十六,,,,,,,,
hestjz,VI,Aから十六を引く,,,,,,,,
hestjwr,VI,Aを十六で割る,,,,,,,,
heston,VI,Aに十六を加える,,,,,,,,
hestwaton,NC,十六進法,hest + waton,,,,,,,
hjma,ND,ひも,,,,,,,,
hjme:r,ND,1.1. 覆い、隠蔽、遮蔽 1.2. 幕、天幕、布(キャンバス、毛布など)、旗 1.3. 屋根、遮蔽物、建築物 1.4. 甲板、デッキ 1.5. 秘密、1.6. 雨宿り,,,hjme:r ron 建築学 hjme:r je: 建築様式,,,,,
hjme:r,VI,Aを覆う、(雨や弾などから)Aを隠す、Aを秘匿する、Aを建てる,,,por wow xan hjme:r 雨宿りをする,,,,,
hjme:ra,NC,建築作業員、建築会社,hjme:r + ra,,,,,,,
hjme:raswron,NC,(秘密の計画) 陰謀,hjme:r + wasuron,,,,,,,
hjme:rhor,NC,匿名,hjme:r + hor,,,,,,,
hjpse,ND,貴ガス、高貴、貴賓,貴ガス,,,,,,,
hjpsejn,NC,貴ガス(ヘリウム、ネオン、アルゴン、キセノン),hjpse + tejin,,,,,,,
hjpsewas,NC,貴族,hjpse + was,,,,,,,
hob ba,VT,BがAを増幅させる、BがAを驕らせる、BがAにおもねる,,,,,,,,
hob,A,呼吸の 生活の 生きている くりかえされる 周期的な 毎週の 予備の 身代わりになる 犠牲の 代替の 熱い 暑い,,,,,,,,
hob,AV,ふたたび くりかえされて 周期的に 毎週 熱く,,,,,,,,
hob,ND,上下の反復運動 息 呼吸 生活 生命 命 くりかえし 周期 週 予備 身代わり 代替 犠牲 熱,呼吸のような上下の反復運動,,hob wumi:h ba (熱を奪う)冷たくする、冷やす、寒くする,,,,,
hob,P,～～ごとに,,,,,,,,
hob,VI, 1. Aが上下に動く 2. Aが呼吸する 3. Aがくりかえされる 4. Aがもうひとつある、Aに予備がある Aが身代わりになる、Aが犠牲になる 5. Aが捨てられる 6. Aが熱く(暑く)なる,,,,,,,,
hobber,AV,1. 毎度くりかえす、毎日なされる,,,,,,,,
hobber,NC,1. 日々の習慣、慣習 2. 文例、テンプレート 3. おやくそく 4. 周年,hob + ber,,,,,,,
hobdw,NC,人名(身代りの奴隷)人身御供、人柱,hob + dw,,,,,,,
hobhor,NC,生活の場、居住空間,hob + hor,,,,,,,
hobon,NC,1. 再生産 2. 生殖、出産,hob + ton,,,,,,,
hobon,VI,1. Aの子を生む、Aを再生産する 2. Aが生殖する、Aが出産する,,,,,,,,
hobra,NC,住宅 家屋,hob + ra,,,,,,,
hobsej,NC,周波数,hob + sej,,,,,,,
hobsejxawo,NC,周波数帯,hobsej + xawo,,,,,,,
hobton,AV,さらに、そのうえ,,,,,,,,
hobton,NC,1.1. 積み重ね、蓄積 1.2. 総和 1.3. 貯蔵庫、タンク 2. 忍耐 3. 銀行,hob + ton,,,,,,,
hobton,VI,Aを積み重ねる、Aをすることで修行する、Aを練習する、Aを耐える,,,,,,,,
hobwej,NC,再設定、置換,hob + wej,,,,,,,
hogw ba,VT,1. BがAを詰め込む 2. BがAを監禁する 3. BがAを辞めさせる,,,,,,,,
hogw,ND,1. 中に入れること、中に入れたもの 2. 食事、飲食 3. 満足 4. 入れ子、再帰 5. (最新技術などの)とりいれ 6.(中型の)容器、樽,中に入れる、中に詰めこむ,,Osber hogu 朝食 jimurtber hogu 昼食 wudber hogu 夕食 baber hogu 夜食,,,,,
hogw,VI,1. Aが中に入る 2. Aを食べる、Aを飲む 3. Aで満足する 4. Aを入れ子にする、Aを再帰させる 5. A(最新技術など)をとりいれる,,,,,,,,
hor,A,その、その人の、そのものの、そのところの、そのことの,,,,,,,,
hor,AV,それに その人に そのところに そのものに そのところに そのことに それなら,,,,,,,,
hor,ND,名前 方 人 もの ところ こと,,名前をもつひと・もの・ところ・こと,,,,,,
hor,NP,[第二代名詞] その人、そのもの、そのところ、そのこと,,,,,,,,
hor,P,～～という人、～～というもの、～～というところ、～～ということ,,,,,,,,
horje:,VI,Aと呼称する、Aと公称する,,,,,,,,
horgo:,A,自然の、自動の,,,,,,,,
horgo:,AV,自然と、自動に、ひとりでに,,,,,,,,
horgo:,ND,自然、自動,hor + go:,,,,,,,
horje:,NC,呼称、公称,hor + je:,,,,,,,
howe,ND,抑圧、抑制、暴力、征服,,,howe ta: 征服する,,,,,
hwtaj,ND,発酵、腐敗,,,,,,,,
hwtaj,VI,Aが発酵する、Aが腐敗する,食品の発酵、腐敗,,,,,,,
ja:,P,～～よ,,,,,,,,
ja:,A,第二の,,,,,,,,
ja:ban,VI,Aに二を掛ける,,,,,,,,
ja:berten,NC,二月,ja:re + berten,,,,,,,
ja:da,ND,1. 芯、核 2. 心、精神 3. 信仰、信心,,,,,,,,
ja:dapjsxj,A,注意深く、ていねいに、尊重して,,,,,,,,
ja:dapjsxj,NC,注意、ていねい、尊重,ja:da + pisxi,,ja:dapisxi dar 気をそらす,,,,,
ja:daswma,NC,首都,ja:da + suma,,,,,,,
ja:re,ND,二 双 両 夫婦 双璧 ペア コンビ,,,,,,,,
ja:reAda,NC,二爵,ja:re + Ada,,,,,,,
ja:ren,NC,梁,ja:re + ton,,,,,,,
ja:ren,VI,Aに二を加える,,,,,,,,
ja:reOswej,NC,ジレンマ,ja:re + Oswej,,,,,,,
ja:repha,NC,二師,ja:re + pha,,,,,,,
ja:reshepjsxj,A,バランスのとれた、両立しうる,,,,,,,,
ja:reshepjsxj,NC,バランス、均衡,ja:re + she + pisxi,,ja:reshepisxi pajjen バランスをとる,,,,,
ja:rezwga,NC,両耳帽,ja:re + zuga,,,,,,,
ja:rjz,VI,Aから二を引く,,,,,,,,
ja:rjwr,A,半分の,,,,,,,,
ja:rjwr,NC,(半分にされること・もの)半分、半個、(半券)チケット、切符、切手、票、手形、紙幣(半分の円)碗、食器、(小型の)容器(ビン、ボトル、ボウルなど)、(小さな)袋,ja:re + xjur,,ja:rjur ron 切手アルバム,,,,,
ja:rjwr,VI,Aを二で割る、Aを半分にする,,,,,,,,
jaber,NC,火曜日,ja:re + ber,,,,,,,
jagsa,NC,回避、忌避,,,,,,,,
jagsa,VI,Aを避ける、Aを回避する、Aを忌避する,,,,,,,,
jams ba,VT,BがAを投げる、BがAを撃つ、BがAを発射する,,,,,,,,
jams,ND,投射、発射、憶測、疑惑,,,,,,,,
jams,VI,A(疑問など)を投げかける、Aだと憶測する、Aという疑惑を立てる,投げること,,,,,,,
jan ba,VT,BがAを問い詰める、BがAの責任を追求する、BがAを侮蔑する,,,,,,,,
jan,P,疑問、反語,,,,,,,,
jan,VI,Aであるか問う、Aを嘆く,,,,,,,,
jas Opo,AV,規則正しく、融通がきかずに、ばか正直に,,,,,,,,
jas,ND,円周率(3.14159...) 円 真円 完璧 完璧なる存在 完成 最善 真善美 究極の存在 (乱数の種から)宝くじ 天国 極楽浄土 死,,,,,,,,
jasem,ND,閉鎖,,,,,,,,
jasem,VI,Aを閉じる,,,,,,,,
jasma,NC,人名(真円のこれ),jas + ma,,,,,,,
jatpa ba,VT,1.1. BがAに上げる、BがAへ押し上げる、1.2. BがAへ登らせる、2.1. BがAを祝う、2.2. BがAを褒める,,,,,,,,
jatpa,VI,Aを形する Aに上がる、Aに登る、Aへ昇る、Aに来る、Aに参る、Aに乗る,,,,,,,,
jatpa,NC,形 上昇 登ること 来訪 参ること 搭乗,,,,,,,,
jatpaba,NC,押し上げ、突破口、昇華,jatpa + ba,,,,,,,
jatpanejem,NC,クラッシュ、事故,,,,,,,,
jawa Opo,AV,1. すばやく、きびきびと 2. かいがいしく,,,,,,,,
jawa,A,縦向きの、高い,,,,,,,,
jawa,AV,縦向きに、高く,,,,,,,,
jawa,ND,柱、高さ、縦 縦糸 経度 経書,,,,,,,,
jawaga,NC,高床、ベッド,jawa + ga,,,,,,,
jawagagwnwra,NC,寝室,jawagagunwra,,,,,,,
je: ba,VT,BがAを分割する BがAを追捕する、BがAを逮捕する、BがAを刑に処す、BがAを取締る、BがAを追跡する,,,,,,,,
je:,A,区切られた、法律の、礼制の、処罰の、正義の、分類された、区域の、公共の、公的な、パブリックの,,,,,,,,
je:,CON,したがって、ならば,,,,,,,,
je:,ND,区切り 分配(公正的配分) 区切るもの 定規 単位 法律 礼制 処罰 処刑 正義 公正 分類 様式 区 区域 公共 公的 パブリック 条項 項目 条,,,je: dotto ba 訴訟を起こす,,,,,
je:,P,〜〜によって 〜〜だから,,,,,,,,
je:,VI,Aを区切る Aを分ける Aを分配する Aを述べる Aと言う Aをさばく Aを処罰する Aを処刑する Aを分類する,刀を入れて分割する,,,,,,,
je:ba,NC,追捕、逮捕、取締り、追跡,je: + ba,,,,,,,
je:dottoba,NC,起訴、訴訟、裁判,je: + dotto ba,,,,,,,
je:ga,NC,区、区域,je: + ga,,,,,,,
je:ra,ND,1. 水棲生物 2. 魚,,,,,,,,
je:re:ne,NC,法案,je: + ri:ne,,,,,,,
je:ron,ND,法典、制度,,,,,,,,
je:ton,NC,処理、処分、処罰,je: + ton,,,,,,,
je:ton,VI,Aを処理する、Aを処分する、Aを処罰する,,,,,,,,
jedj,ND,主張、発言、唱導、誘導,,,,,,,,
jedj,VI,Aを主張する、Aを発言する、Aを唱える、Aに導く,,,,,,,,
jedjra,NC,唱導者、支持者,jedi + ra,,,,,,,
jegad,NC,浸すこと,,,,,,,,
jegad,VI,Aを浸す,,,,,,,,
jejxa,ND,エーカー(単位),,,,,,,,
jen ba,VT,(Bの本質が変わるほど) BがAに変化する、BがAに溶ける、BがAに吸収される、,,,X bwr ba jen pha tud,Bが錯乱する,,,,
jen,ND,1. なりゆき、変化,,,,,,,,
jen,VI,Aになる、(Aの本質はかわらないが)Aに変化する,,,,,,,,
jenba,NC,変質、溶解、錯乱,jen + ba,,,,,,,
jenbare:ne,NC,不協和音、罪業、罪業人,,,,,,,,
jenta: ba,VT,BがAに転換させる、BがAに転向させる,,,,,,,,
jenta:ba,NC,転換、転向、コンバート,jen + ta: + ba,,,,,,,
jepjx,A,極小の、最悪の,,,,,,,,
jepjx,AV,ほとんど、ぎりぎり、まさに,,,,,,,,
jepjx,ND,従、素粒子,,,,,,,,
jepjx,VI,1.1. Aのハイパー演算の逆をする1.2. Aの極小をとる,,,,,,,,
jepjxAda,NC,従位,jepix + Ada,,,,,,,
jepjxjmwg,NC,喜劇 喜び,jepix + jimug,,,,,,,
jes,ND,電気素量(1.602,176,,634 x 10^-19 C),,,,,
jesaj,ND,乳、乳製品,動物、人間の乳,,,,,,,
jesajhogw,NC,赤子,jesaj + hogu,,,,,,,
jesar,NC,電気、電力,jes + mar,,,,,,,
jesazjwr,NC,電池、バッテリー,jesar + ja:rjur,,,,,,,
jessa,ND,赤ん坊、赤ちゃん,jesajhogu,,,,,,,
jet ba,VT,BにとってはAであるという,,,,,,,,
jetba,NC,立場、観測地点、主体、主観,jet + ba,,,,,,,
jet,CON,～～ということで、～～で、～～て,,,,,,,,
jet,P,～～である、～～として、～～といって,,,,,,,,
jet,VI,Aである Aという状態・属性である Aという性質をもつ,,,,,,,,
jetde,ND,(手ですくうこと)一掬、一杯、かご、バスケット,,,,,,,,
jetde,VI,Aを(手で)すくう、Aをかき集める,,,,,,,,
jetdera,NC,(すくわれたもの)聖堂の会衆,jetde + ra,,,,,,,
jetjz,VI,Aを悪化させる,,,,,,,,
jeton,VI,Aを良好にする、Aを改善する,,,,,,,,
jetos ba,VT,(Bや話者以外の他者を利するために)BがAを要求する、BがAの寄付をつのる,,,,,,,,
jetos,A,のぞましい,,,,,,,,
jetos,NC,要求、要望、物乞い,jet + sos,,,,,,,
jetos,VI,(Aや話者のために)Aを要求する、Aを物乞いする,jet + sos,,,,,,,
jetosba,NC,寄付、寄贈、寄付金、寄贈したもの,jetos + ba,,,,,,,
jetosbapha,NC,寄付者、寄贈者、ドナー,jetosba + pha,,,,,,,
jmjww,A,恥ずかしい、恥辱の、慚愧にたえない,,,,,,,,
jmjww,NC,恥、恥辱、慚愧,jimug + nuwu,,,,,,,
jmjww,VI,Aを恥じる、Aを恥じてやめる,,,,,,,,
jmwg,A,驚きの、ひらめいた、感動の,,,,,,,,
jmwg,ND,1. はずみ、バウンド、衝突、2.1. 驚き、ひらめき、2.2. 感動、泣き、笑い 3. 霊、魂,ものが何かに当たってはずむこと,,,,,,,
jmwg,VI,Aがはずむ Aが衝突する Aが驚く Aをはっとさせる Aが感動する Aが興奮する Aが泣く Aが喜ぶ,,,,,,,,
jmwgron,NC,小説 脚本 演劇 ドラマ,,,,,,,,
jmwrt,A,中心の 真ん中の 中央の,,,,,,,,
jmwrt,ND,中心 真ん中 中央,,,,,,,,
jmwrtbaber,NC,夜の十二時,jimurt + baber,,,,,,,
jmwrtber,NC,昼の十二時,jimurt + ber,,,,,,,
jmwrtjo:g,NC,中世,jimurt + jo:g,,,,,,,
jnna,ND,トゲ、病気、症状,,,,,,,,
jnnapjz,NC,治療、医療、批判,jinna + piz,,jinnapiz ni 批判的に,,,,,
jnnapjz,VI,(トゲを抜く)Aの病気を治す、Aを批判する,,,,,,,,
jnnapjzpron,NC,医療院、病院,jinnapiz + pron,,,,,,,
jnnaron,NC,症候群,jinna + ron,,,,,,,
jnsa,A,眠たい、睡眠の,,,,,,,,
jnsa,ND,睡眠,,,,,,,,
jnsa,VI,Aに眠る Aに寝る,,,,,,,,
jnsara,NC,宿泊所、宿屋、旅館、ホテル、(活動の)拠点,jinsa + ra,,,,,,,
jr,A,単一の、根本の,,,,,,,,
jr,ND,1. 単一 単体 太 2. 本質、原理 3. 主義 魂 アイデンティティ,,,,,,,,
jrazon,NC,指導原理 教理 教義,jir + wazon,,,,,,,
jrgow,NC,太極,jir + gow,,,,,,,
jrgowzjn,NC,究極の魔法,jirgow + zin,,,,,,,
jrna:non,NC,太師,jir + na:non,,,,,,,
jrsetan,NC,太始、太始王(イルセタナゾン)、第一祖先(=マルセルゼ),jir + setan,,,,,,,
jrwennj,AV,直線的に、一貫して、均一に、持続して,,,,,,,,
jrwennj,NC,一直線、一貫性、均一性、持続性,ma:r + wenni,,,,,,,
jrzjn,NC,太虚,jir + zin,,,,,,,
jwos,ND,腕,,,,,,,,
jxo,ND,爪,,,,,,,,
jzjm,ND,1.1. コイン、硬貨 1.2. 金銭 2.1. 銅、青銅 2.2. 金属,硬貨(コイン),,,,,,,
jzjmjo:g,NC,青銅器時代,jizim + jo:g,,,,,,,
jzjmjwr,NC,鐘、ベル,jizim + ja:rjur,,,,,,,
jo:b ba,VT,BがAを可能にする BがAを飼う、BがAを育てる、BがAを教育する、BがAに選択肢を与える、BがAに資金を与える、BがAに融資する、BがAに信託する、BがAの将来を予測する,,,,,,,,
jo:b,A,存在しうる 可能である いくつかの とある 疑惑の,,,,,,,,
jo:b,ND,可能的存在 いくらか 数個 数種 推測 推定 可能 信用 信頼,,,,,,,,
jo:b,VI,1.Aだろう、Aかもしれない 2. Aであることは可能である、 3. Aだと推測される 4. Aを勧誘する,,,,,,,,
jo:bazo,NC,信用取引、掛売、融資、保証、保証金、担保、人質、保釈金,jo:b + wazo,,,,,,,
jo:bazo,VI,A(掛売、融資)の取引をする、Aを保証する、A(保証金・担保・人質)を出す,,,,,,,,
jo:bba,NC,飼育、養育、教育、選択(選択肢)、融資、信託、(将来の)見定め,jo:b + ba,,,,,,,
jo:bbapha,NC,(選ばれた者)選民、議員、代議士,jo:bba + pha,,,,,,,
jo:bbara,NC,家畜,jo:bba + ra,,,,,,,
jo:bmar,A,信頼できる,,,,,,,,
jo:bmar,NC,信頼性,jo:b + mar,,,,,,,
jo:g,ND,1.1. 千(十進法) 1.2. 四、〇九六(十六進法) 1.3. 二一六、〇〇〇(六十進法) 2.1 千年紀 2.2. 時代,,,,,,,,
jo:gen,ND,1. 十億(十進法) 2. 十六の九乗(十六進法) 3. 六十の九乗(六十進法),,,,,,,,
jo:genjwr,NC,1. 十億分の一(十進法) 2. 十六の九乗の逆数(十六進法) 3. 六十の九乗の逆数(六十進法),jo:gen + xjur,,,,,,,
jo:gjwr,NC,1.千分の一(十進法)、パーミル 2. 四〇九六分の一(十六進法) 3. 三六〇〇分の一(六十進法)、秒,jo:g + xjur,,,,,,,
jowj,A,陰の,,,,,,,,
jowj,ND,陰,,,,,,,,
jswz,ND,器官、臓器,,,,,,,,
jwpjter,ND,木星,,,,,,,,
jwsa:no,ND,皮膚、表、裸、表面,,,,,,,,
jwsa:no,VI,Aをむきだしにする、Aを表にする、Aをあらわにする、Aを白状する、Aを自白する,裸になる,,rip go: jusa:no 証言する,,,,,
ma,A,この、私の,,,,,,,,
ma,NP,[第一代名詞] 1. これ、この人 2. 私,,,,,,,,
ma:ban,VI,Aに一を掛ける,,,,,,,,
ma:berten,NC,一月,ma:r + berten,,,,,,,
ma:gh ba,VI,BがAをいらだたせる、BがAを悩ませる,,,,,,,,
ma:gh,ND,摩擦、使用、消費、消耗 利息 利子 手数料,,,,,,,,
ma:gh,VI,Aをこする、Aを使う、Aを消費する、A(気力、体力)を消耗する Aを利息・利子・手数料としてとる,,,,,,,,
ma:ghba,NC,嫌がらせ、悩ませること,ma:gh + ba,,,,,,,
ma:r,ND,一,,,,,,,,
ma:rAda,NC,一爵,ma:r + Ada,,,,,,,
ma:rjwr,A,個性の、個性ある、特徴のある,,,,,,,,
ma:rjwr,NC,一で割ること 割られたもの それ自身 それ自体 アイデンティティ個性 性格 特性 人となり 人物像 ペルソナ,ma:r + xjur,,,,,,,
ma:rjwr,VI,Aを一で割る,,,,,,,,
ma:rpo:d,AV,たったひとつも(ない)、それだけすらも(ない),,,,,,,,
ma:rxa:n,NC,人名(一太刀),ma:r + xa:n,,,,,,,
maber,NC,月曜日,ma:r + ber,,,,,,,
mabj,ND,1. 黄金数 2. 卿,,,,,,,,
mado:r,A,極大の、正の、きれいな、まともな、きわめて、ほんとうの、もっとも、最善の、すばらしい,,,,,,,,
mado:r,AV,ほぼ、ほとんど、ほんとうに、たしかに、しんじつ、劇的に、なによりも、とにかく、すばらしく,,,,,,,,
mado:r,ND,1.1. ハイパー演算 1.2. 正,,,,,,,,
mado:r,VI,1.1. Aのハイパー演算をする 1.2. Aの極大をとる,,,,,,,,
mado:rAda,NC,殿下、正爵、正位、公爵,mado:r + Ada,,,,,,,
mado:rgasto,NC,正志,mado:r + gasto,,,,,,,
mado:rgen,NC,正常,mado:r + gen,,,,,,,
mado:rjmwg,NC,悲劇,mado:r + jimug,,,,,,,
mado:rjmwg,A,悲しい、悼ましい,,,,,,,,
mado:rmjnj,NC,人名(大樹),mado:r + mini,,,,,,,
mado:rsepmjda:tan,NC,正三六、世界、国際法,mado:r + sepmida:tan,,,,,,,
maha ba,VT,BがAを燃やす、BがAに宣戦布告する、BがAを滅ぼす,,,,,,,,
maha,A,1. 火の、炎の、業火の 2. 内乱の 3. 滅びた、亡国の 4. 真剣な、真摯な、忠実な,,,,,,,,
maha,ND,火 炎 業火 火事 エネルギー 内乱 滅亡 忠誠,,,,,,,,
maha,VI,1.1. Aが燃える、Aを燃やす 1.2. Aが(地獄の)業火につつまれる 2. Aで内乱が起きる 3. Aを滅ぼす 4.1. Aに忠誠をつくす 4.2. Aのために死ぬ,,,,,,,,
mahaba,A,戦争の,,,,,,,,
mahaba,NC,放火、戦争,maha + ba,,,,,,,
mahababer,ND,戦場,mahaba + ber,,,,,,,
mahaOwr,NC,人名(忠臣),maha + Owr,,,,,,,
mahazjn,NC,火薬、爆薬,maha + zin,,,,,,,
mahor,AV,1. 今も 2. 今日に,ma + hor,,,,,,,
mahor,ND,1. 今 2. 今日,ma + hor,,,,,,,
mahorjo:g,NC,現代,mahor + jo:g,,,,,,,
majsezaro,ND,マイセザロ(日本語のいろは、英語のアルファベットなどと同様の語),文字を最初から並べたときの先頭五文字,,,,,,,
mam,A,ひどい、とてつもない,,,,,,,,
mam,ND,強い一息、(息継ぎの)呼吸、喝、轟音、爆発,,,mam po:d 吹く,,,,,
mamjams,NC,爆弾,mam + jams,,,,,,,
mamjams,VI,Aが爆撃される,,,,,,,,
mamo:h,NC,穴掘り、掘削、土木,,,,,,,,
mamo:h,VI,A(土壌)を掘る、Aを掘削する,,,,,,,,
mamo:ha,NC,土木作業員、土木会社,mamo:h + ra,,,,,,,
mamon,NC,強調,mam + ton,,,,,,,
mamxor,NC,爆風,mam + xor,,,,,,,
mana:xaba,A,絶望的な、憂鬱な、やけくその,,,,,,,,
mana:xaba,NC,落胆、憂鬱、絶望、自殺,ma + wana:xa ba,,,,,,,
manza:t,ND,1. 一兆(十進法) 2. 十六の十二乗(十六進法) 3. 六十の十二乗(六十進法) 4. きわめて巨大な量,,,,,,,,
manza:tjwr,NC,1. 一兆分の一(十進法) 2. 十六の十二乗の逆数(十六進法) 3. 六十の十二乗の逆数(六十進法) 4. きわめて僅少な量,manza:t + xjur,,,,,,,
mapwj,ND,羽織り、着衣、衣服、装備、装着、装備品,羽織,,,,,,,
mapwj,VI,Aを羽織る、Aを身につける、Aを着る,,,,,,,,
mar,A,能力のある 第一の,,,,,,,,
mar,ND,力、能力、武力、兵力、権力、権利,,,,,,,,
mar,VI,Aが(能力的に)可能である、Aという能力がある、Aという権利を持つ,,,,,,,,
maro,ND,よりしろ 偶像 影 形 シルエット 写真 実写映像,,,maro ron 写真アルバム,,,,,
marpha,NC,一師,mar + pha,,,,,,,
marpha,NC,武官,mar + pha,,,,,,,
mars,ND,火星,,,,,,,,
marserze,NC,人名(力の行使),mar + serze,,,,,,,
marserzewas,NC,マルセルゼ氏族,marserze + was,,,,,,,
massa,ND,つなぎ目、(ひざ・ひじなどの)関節,,,,,,,,
mata,ND,話、会話、説話、説教,,,zin mata dw 議論する,,,,,
max,ND,塗布、塗装,,,,,,,,
max,VI,Aを塗る、Aを塗布する,,,,,,,,
maz,A,当然の、合致(一致)した、適合した、解である、結構である,,,,,,,,
maz,AV,当然に、一致して、適合して、解として、結構で,,,,,,,,
maz,INT,よし、よろしい、けっこうだ、オッケーだ,,,,,,,,
maz,ND,等分、当然的存在、合致、一致、適合、解、結構,,,,,,,,
maz,VI,1. Aが当然である、Aがもっともである、Aが正しい、Aが合致する、Aが合う、Aという解である、Aでけっこうである,,,jirwenni ni rip maz ta: ba 一直線にそれを合わせる,,,,,
mazAda,A,正確な,,,,,,,,
mazAda,NC,正確,maz + Ada,,,,,,,
mazber,NC,春分点、秋分点、春、秋,maz + ber,,,,,,,
mazta: ba,VT,BがAを改正する、BがAを改訂する、BがAを糺す,,,,,,,,
mazta:,NC,反省、自省、自己批判、謝罪,maz + ta:,,,,,,,
mazta:,VI,Aを反省する、Aを改める、Aを自省する、Aを自己批判する、Aを謝罪する、Aを悼む、Aを弔う,,,,,,,,
mazta:ba,NC,改正、改訂、是正,maz + ta: ba,,,,,,,
mazta:swtra,NC,葬式,mazta: + sutra,,,,,,,
mazxjwr,NC,平均,maz + xjur,,,,,,,
mazxjwr,VI,Aを平均する,,,,,,,,
me:tr,ND,メートル(単位),,,,,,,,
meher,ND,1. 帯、ベルト 2.1. 父、親、学父 2.2. 親分、棟梁、大将、先生、ボス 3. 大人,,,,,,,,
meherdottopha,NC,(父の配偶者) 母,meher + dottopha,,,,,,,
menser,ND,(配偶者の父・母方の祖父)岳父,,,,,,,,
menseras,NC,1. メンセル氏族(始聖王の岳父の氏族) 2. 人名(メンセル氏族の者),menser + was,,,,,,,
mer,ND,男性,male,英語,,,,,,
merxwr,ND,水星,,,,,,,,
mes,CON,1. 連言 2. ～～かつ～～、～～および～～,,,,,,,,
mesot Opo,AV,2. おもおもしく、のろのろと 3. ずうずうしく,,,,,,,,
mesot,A,横向きの、幅の広い,,,,,,,,
mesot,AV,横向きに、幅広く,,,,,,,,
mesot,ND,1.棒 2. 長さ、幅 横 横糸 緯度 緯書,,,,,,,,
metwox,ND,到着、到達、達成、業績、特技,,,,,,,,
metwox,VI,Aに届く、Aに到着する、Aに到達する、Aを達成する,,,,,,,,
metwoxhor,NC,到着地、到達地点、業績、売上、特技,metwox + hor,,,,,,,
metwoxjo:b,A,到着できる、到達できる、達成できる、わかりやすい、たやすい、安直な,,,,,,,,
metwoxjo:b,NC,到着可能、到達可能、達成可能、わかりやすさ、容易さ、たやすさ、安直,metwox + jo:b,,,,,,,
metzo,ND,金、黄金、悪魔、魔神,,,,,,,,
metzoxjwr,NC,黄金比、善導,metzo + xjur,,,,,,,
mjnj,ND,木、樹木,,,,,,,,
mjrah,ND,尾、末、最後,,,,,,,,
mjrahazon,NC,人名(末王),mirah + wazon,,,,,,,
mjsux,ND,追求、探求、研究,,,,,,,,
mjsux,VI,Aを追求する、Aを研究する,,,,,,,,
mjt,A,1. 絶対の 2. 必然の 3. 確信の、信仰の 4. 唯一の,,,,,,,,
mjt,AV,絶対に、必然に、確信的に、信仰で、唯一に,,,,,,,,
mjt,ND,1. 同一、恒等 2. 唯一の存在 3. 絶対的存在、必然 4. 確信、信仰 ,,,,,,,,
mjt,VI,1. AはX(ni)と恒等である。 2. Aは常に正しい。Aでないものは存在しない。 3. Aは必然である,,,,,,,,
mjtwr,A,裁かれた、告発された、ただされた,,,,,,,,
mjtwr,VI,1. Aを裁く、Aを告発する 2. Aをただす ,,,,,,,,
mjtwrgj,NC,人名(ただされた知恵),mitur + gi,,,,,,,
mjtwrgjron,NC,ミツルギ史書,miturgi + ron,,,,,,,
mjtwrra,NC,被告,mitur + ra,,,,,,,
mjz,VI,Aから一を引く,,,,,,,,
mo,ND,目,,,,,,,,
mo:de,A,濃い、密度(濃度)の高い,,,,,,,,
mo:de,ND,濃度、密度,,,,,,,,
mognon,VI,Aを無視する、Aを無効化する Aを廃案にする Aを殺す,,,,,,,,
momer,ND,食肉,,,tupa momer シカ・ウシの肉,,,,,
mon,NC,一、個人、子、子弟 苗,ma:r + ton,,,,,,,
mon,VI,Aに一を加える,,,,,,,,
mor,ND,モル(単位),,,,,,,,
mozwga,NC,瞳孔、へそ、ろうと,mo + zuga,,,,,,,
mwmma,ND,1. 基本、基礎、本体、基、元、要素、財産、資産、資本,,,,,,,,
mwmmaje:,NC,基本法、憲法,mumma + je:,,,,,,,
mwmmajr,NC,資本主義,mumma + jir,,,,,,,
mwmmajo:g,NC,古代,mumma + jo:g,,,,,,,
mwmmapha,NC,資本家,mumma + pha,,,,,,,
mwmmapron,NC,法帑院,mumma + pron,,,,,,,
mwmpa,ND,(循環する液体)血、オイル,,,mumpa po:d 出血する,,,,,
mwpan,VI,Aに三十を掛ける,musa + pan,,,,,,,
mwsa,ND,1. 三十 2. 世代,,,,,,,,
mwsjz,VI,Aから三十を引く,musa + piz,,,,,,,
mwsjwr,VI,Aを三十で割る,musa + xjur,,,,,,,
mwson,VI,Aに三十を足す,musa + ton,,,,,,,
mwzjd,ND,食用豆類(レンズマメ、ヒヨコマメなど),,,,,,,,
na,INT,いいえ、ちがう,,,,,,,,
na:,A,禁止された、禁忌の、タブーの 無の,,,,,,,,
na:,AV,禁止,,,,,,,,
na:,INT,するな、やめろ,,,,,,,,
na:ban,VI,Aに零(大零)を掛ける,,,,,,,,
na:h,INT,ちくしょう、この野郎、てめえ,,,,,,,,
na:h,NC,臆病者、玉なし野郎、人間のクズ,na:hobon,,,,,,,
na:hobon,NC,1. 去勢 2. (蔑称)宦官 3. (蔑称)魔法者 4. (蔑称)臆病者,na: + hobon,,,,,,,
na:hor,NC,禁忌、タブー、禁足地、禁奴、禁輩,na: + hor,,,,,,,
na:njz,VI,零(大零)を引く,,,,,,,,
na:njwr,NC,(零で割られること)不能、不可能、無意味、無能,na:no + xjur,,,,,,,
na:njwr,VI,Aを零(大零)で割る,,,,,,,,
na:no,ND,1. 零・大零 2. 十(十六進数、六十進数)、大十,,,,,,,,
na:non,ND,教師,,,,,,,,
na:non,VI,1. Aを調教する 2. Aを指導する 3. Aを統治する,,,,,,,,
nadj,ND,発散 無限 悪,,,,,,,,
nagwr,NC,それ以外、その他,nan + gur,,,,,,,
nam,ND,100ナノメートル,,,,,,,,
nan,A,存在しない,,,,,,,,
nan,ND,1. 零(十進法・十六進法・六十進法)・大零 2. 不存在、無、空虚、空白 3. 欠席,,,,,,,,
nan,P,～～なしに、～～がないのに,,,,,,,,
nan,VI,Aはない、Aは存在しない,,,,,,,,
nana,INT,いいえ、ちがう,,,,,,,,
nana,ND,否認、否定,,,,,,,,
nana,VI,Aを否認する、Aを否定する、Aを拒否する,,,,,,,,
nanAda,NC,無位,nan + Ada,,,,,,,
nanadotto,A,逆なでする,nana + dotto,,nanadotto ron 反感を買う言説,,,,,
nanan,NC,悪、邪悪、不正、醜悪,nan + wan,,,,,,,
nananjmwg,NC,悪霊、悪魔、魔王、犯罪・冒涜の衝動,nanan + jimug,,,,,,,
nanber,AV,いつも、つねに,,,,,,,,
nanber,NC,終わりのないこと、はてしないこと、 とりとめのないこと、つまらないこと,nan + ber,,,,,,,
nanmaz,NC,不当、差別,nam + maz,,,,,,,
nanmeher,NC,無帯(子を持たない者)、青二才,nan + meher,,,,,,,
nanmo,NC,盲目、盲目の者,nan + mo,,,,,,,
nanone:,NC,不履行,nan + wone:,,,,,,,
nanpajta:,A,やらずにはいられない、いてもたってもいられない、とり乱した、あわてた,nan + paj + ta:,,,,,,,
nanta:,VI,Aを削除する、Aを消す,,,,,,,,
nantemjn,NC,暗闇,nan + temin,,,,,,,
nase:j,ND,クマ、(大型の)パンダ,,,,,,,,
nasjje,A,1. 喧嘩の、戦闘の 2. 武闘の、武術の 3. 武士の、武家の 4. 勇猛な 5. 短気な,,,,,,,,
nasjje,ND,1. 叩き合い、武器の打ち合い 2. 喧嘩、戦闘 3. 武闘、武術 4. 武士、武家,,,nasije rin 戦う,,,,,
nasjjedw,NC,武族,nasije + dw,,,,,,,
naz,A,他人事の、 (血縁などの)関係がない、 知らない,nan + haz,,,,,,,
naz,INT,知らない、わからない,,,,,,,,
naz,NC,他人,nan + haz,,,,,,,
nejem,A,破綻した、破壊された、壊れた,,,,,,,,
nejem,ND,破壊、破綻,,,,,,,,
nejem,VI,Aを破る、Aが破綻する、Aを破壊する,,,jatpa nejem 破裂する,,,,,
nejemjo:b,A,壊れやすい,,,,,,,,
nejemjo:b,NC,壊れやすさ、壊れもの,nejem + jo:b,,,,,,,
nengw,ND,無事、平和、幸せ、幸福、吉,,,,,,,,
nengwwej,NC,祝福,nengu + wej,,,,,,,
nengwwej,VI,Aを祝福する,,,,,,,,
neptwn,ND,海王星,,,,,,,,
new,ND,石、石器,,,,,,,,
newam,ND,頭髪、髪の毛,,,da:nam temin newam 金髪,,,,,
newjo:g,NC,石器時代,new + jo:g,,,,,,,
nj,P,～～に 〜～で ～～を使って,,,,,,,,
njgjn,ND,救命、救急、救出、恩赦,,,,,,,,
njgjn,VI,Aを救助する、Aの命を救う、Aを恩赦する,,,,,,,,
njgjndamma,NC,救急車,,,,,,,,
njh,A,陽の,,,,,,,,
njh,ND,陽,,,,,,,,
njho:,NC,陽子(プロトン),nih + zo:,,,,,,,
njj,VI,Aを吸う,,,,,,,,
njsda,ND,猿、サル,,,,,,,,
njxxj,A,(速度が)速い,,,,,,,,
njxxj,ND,速度,,,,,,,,
njxxon,NC,加速,nixxi + ton,,,,,,,
nw,ND,1. 砂、天砂 1.2. (砂でできた)人形、土像 2. 下僕、従者、宦官 3. 隠者、出家者,,,nu guno: ba 軽蔑する,,,,,
nwber,NC,日曜日,nan + ber,,,,,,,
nwgwno:ba,NC,軽蔑,nu + guno: ba,,,,,,,
nwwo: ba,VT,BがAを妨げる、BがAを妨害する、BがAを邪魔する、BがAをせき止める、BがAに割り込む、BがAを失脚させる、BがAに讒言する,,,,,,,,
nwwo:,ND,中断、途中、半端、キャンセル、辞職,,,nuwu: jen ba 不能・中断させる,,,,,
nwwo:,P,～～の途中で,,,,,,,,
nwwo:,VI,Aが止まる、Aを中断する、Aをキャンセルする、Aを辞職する,,,,,,,,
nwwo:ba,NC,妨害、邪魔、堰、ダム、関所、バリケード、障害物、割り込み、失脚の工作、讒言,nuwu: + ba,,,,,,,
nwxwr,NC,(神による)創造,nu + xur,,,,,,,
nwxwr,VI,Aを創造する,,,,,,,,
nwxwrpha,NC,創造者,nuxur + pha,,,,,,,
O,A,第十四の,,,,,,,,
Oban,VI,Aに十四を掛ける,,,,,,,,
Oda,ND,受動的、静的,,,,,,,,
Odjs,ND,相場、意見,,,,,,,,
Ojo,ND,1. 顔,,,,,,,,
Om,ND,指(手指、足指),,,,,,,,
On ba,VT,Aは超存在である、Aは超存在となる,,,,,,,,
On,A,存在する、事実の,,,,,,,,
On,ND,存在 事実 現実 認知 肯定 数詞,xur daw On 合意する,,,,,,,
On,VI,Aは存在する Aがある Aはそこにある Aは事実である Aは現実である Aを認める Aを肯定する,,,A ber B On BがA(位置・時間・立場)にある xob ber A On Aを手に持つ A xu xob ber B On jet rip jatpa Aが手にBを持ってここに来る,,,,,
Onba,NC,超存在、超存在界、聖天,On + ba,,,,,,,
Onber,NC,存在界,On + ber,,,,,,,
Ones,ND,刈りとられた、はげた,,,,,,,,
Ones,VI,Aを刈りとる、Aを粛清する,,,,,,,,
Onjm,ND,肩,,,,,,,,
Opo,A,同様の、おなじ、似た,,,,,,,,
Opo,AV,同様に、おなじく,,,,,,,,
Opo,ND,真似、模写、贋作、類似、同様、賞,,,Opo guno: ba 賞を与える,,,,,
Opo,P,～～のような ～～のように ～～みたいに,,,,,,,,
Opo,VI,1. Aを真似る、Aを模写する、Aの贋作をつくる、Aに似ている、Aと同様である、Aに賛同する、Aを賞賛する、Aを喝采する,,,,,,,,
Opojo:b,ND,類推,,,,,,,,
Os hor,P,～～の前で,,,,,,,,
Os,A,正面の、腹の、前の、前者の、以前の、あらかじめ、先立って、先任の,,,,,,,,
Os,AV,前に、前へ,,,,,,,,
Os,ND,1.1. 正面、腹 1.2. 直面 2. 前、前者 3. 以前,,,,,,,,
Os,VI,Aの正面に立つ、Aの前に立つ、Aに直面する、Aより前に立つ、Aに先立つ,(人の正面は時間の向きに対して反対方向),,,,,,,
Osaze,A,早い,,,,,,,,
Osaze,NC,早いこと 早期 早々,Os + waze,,,,,,,
Osbab,NC,先験,Os + bab,,,,,,,
Osber,AV,前に、昨日に,,,Osber wasu 前払いをする,,,,,
Osber,ND,以前、昨日、午前、朝,,,,,,,,
Osber,P,1. ～～前に 2. ～～日前に,,,,,,,,
Osberasw,NC,前払い、前払い金、預金,Osber + wasu,,,,,,,
Osjo:b,NC,予想、予期,Os + jo:b,,,,,,,
Osjo:b,VI,Aを予想する、Aを予期する、Aに備える、Aのために準備する,,,,,,,,
Osjo:bpron,NC,予備院,Osjo:b + pron,,,,,,,
Osjo:g,NC,先史時代,Os + jo:g,,,,,,,
Ospha,NC,先行者、先輩,Os + pha,,,,,,,
Osshejo:g,NC,近世,Os + shejo:g,,,,,,,
Oswej,NC,前提、予定、計画,Os + wej,,,,,,,
Oswej,VI,Aを前提とする、Aを予定する,,,,,,,,
Osxwren,NC,予約,Os + xuren,,,,,,,
Osxwren,VI,Aを予約する,,,,,,,,
Ot,ND,十四,,,,,,,,
Otjz,VI,Aから十四を引く,,,,,,,,
Otjwr,VI,Aを十四で割る,,,,,,,,
Oton,VI,Aに十四を加える,,,,,,,,
Owr,ND,1. 熱狂、狂信、熱狂者、狂信者 2. 忠臣、臣下,,,,,,,,
Owr,VI,1. Aを熱心に信じる、Aに熱狂する、Aに狂信する 2. Aに忠実に従う、Aへの忠誠を明らかにする,,,,,,,,
Oxa,ND,鍛造、加工、製造,鉄の鍛造,,,,,,,
Oxa,VI,Aを鍛造する、Aを加工する、Aを製造する,,,,,,,,
Oxara,NC,鍛造工場作業員、鍛造工場技術者、鍛造工場,Oxa + ra,,,,,,,
pa:ban,VI,Aに九を掛ける,,,,,,,,
pa:berten,NC,九月,pa:ra + berten,,,,,,,
pa:pjz,VI,Aから九を引く,,,,,,,,
pa:ra,ND,九,,,,,,,,
pa:ran,VI,Aに九を加える,,,,,,,,
pa:ran,NC,正方形 四語 四原族,pa:ra + ton,,,,,,,
pa:rjwr,VI,Aを九で割る,,,,,,,,
pa:son,ND,1. 一万(十進法) 2. 六五、五三六(十六進法) 3. 一二、九六〇、〇〇〇(六十進法),,,,,,,,
pa:sonan,ND,1. 一億(十進法) 2. 十六の八乗(十六進法) 3. 六十の八乗(六十進法),,,,,,,,
pa:sonanjwr,NC,1. 一億分の一(十進法) 2. 十六の八乗の逆数(十六進法) 3. 六十の八乗の逆数(六十進法),pa:sonan + xjur,,,,,,,
pa:sonjwr,NC,1. 一万分の一(十進法) 2. 六五、五三六分の一(十六進法) 3. 一二、九六〇、〇〇〇分の一(六十進法),pa:son + xjur,,,,,,,
pagwm,ND,開放 注釈 註,,,,,,,,
pagwm,VI,Aを開く、Aを開ける,覆いを取り除く,,,,,,,
pagwmasw,NC,発明、考案,pagum + wasu,,,,,,,
pagwmasw,VI,Aを発明する、Aを考案する,,,,,,,,
paj,AV,1. まちがって、あやまって 2. ～～ではない、そうではない,,,,,,,,
paj,ND,くいちがい、相違、誤謬、俗悪、不正、風俗、人間性,,,,,,,,
paj,VI,Aをまちがえる、Aを誤る、Aに対して不正を働く、Aに対して悪を行なう,,,,,,,,
pajAma,NC,欠点、欠陥、不足、飢餓,paj + Ama,,,,,,,
pajan,AV,よくわからなく、不明瞭に、うたがいぶかく、秘密裏に,,,,,,,,
pajan,NC,不明確、不明瞭、疑惑、秘密、機密、隠密、秘匿,paj + wan,,,,,,,
pajasjo:b,A,数えきれないほどの、大量の,paj + wasu + jo:b,,,,,,,
pajawa,A,低い,paj + jawa,,,,,,,
pajesot,A,幅の狭い,paj + mesot,,,,,,,
pajgen,A,異常の、不全の、信じられない、驚きの,,,,,,,,
pajgen,NC,異常、不全,paj + gen,,,,,,,
pajgentadewed,NC,暴虐、虐殺,pajgen + tadewed,,,,,,,
pajhaman,NC,禁止,paj + haman,,pajhaman guno: ba 禁止する,,,,,
pajhob,A,1. 冷たい、寒い 2. 死体の、死んでいる,,,,,,,,
pajhob,NC,1. 冷たさ、寒さ 2. 死体,paj + hob,,,,,,,
pajhor,A,(これとは)別の、他の,,,,,,,,
pajhor,AV,(これとは)別に、他に,,,,,,,,
pajhor,NC,(これとは)別のもの、他のもの,paj + hor,,,,,,,
pajsor,A,浅い,paj + disor,,,,,,,
pajjen,NC,保全、保護、保存,paj + jen,,,,,,,
pajjen,VI,Aを保存する、Aを保つ、Aのままにする,,,,,,,,
pajjenpron,NC,保全院,pajjen + pron,,,,,,,
pajjo:bba,AV,仕方なく、やむをえず,,,,,,,,
pajmaz,NC,相違、食い違い、差異,paj + maz,,pajmaz go: 区別する,,,,,
pajma:gh,A,優しい 嬉しい,,,,,,,,
pajma:gh,NC,優しさ 嬉しさ,paj + ma:gh,,,,,,,
pajpagwm,NC,閉鎖、封鎖,paj + pagum,,,,,,,
pajpagwm,VI,Aを閉じる、Aを封じる,,,,,,,,
pajpwxo:h,NC,(違う父を持つ)兄弟姉妹、庶子,paj + puxu:h,,,,,,,
pajrjnba,A,飽きている、退屈な、倦怠の、怠惰な,,,,,,,,
pajrjnba,NC,飽きていること、退屈、倦怠、怠惰,paj + rinba,,,,,,,
pajrjnshe,NC,敵意、敵方,paj + rinshe,,,,,,,
pajrjs,A,人工の、人工物の,,,,,,,,
pajrjs,NC,人工、人工物,paj + ris,,,,,,,
pajshe,A,離れた,,,,,,,,
pajshe,AV,離れて,,,,,,,,
pajshe,NC,へだたり、離隔、離間,paj + she 離れていること,,,,,,,
pajshe,P,～～から離れて,,,,,,,,
pajsozja,NC,不浄、汚物、トイレ,paj + sozja,,,,,,,
pajswma,NC,不調 不具合 下手 汚れ,paj + suma,,pajsuma ni 下手に,,,,,
pajo:zj,A,にがい,,,,,,,,
pajo:zj,ND,にがさ,paj + phu:zi,,,,,,,
pajwen,A,でこぼこの、整地されてない、不安定の、不安の、おそろしい、ぎこちない、曲がっている、いびつな、歪んでいる,,,pajwen jen ba ねじ曲げる pajwen pisxi 不安になる,,,,,
pajwen,NC,でこぼこ、不整地、不安定、不安、恐れ、いびつ、歪み,paj + wen,,,,,,,
pajwwar,NC,(怒りがない)平静、平静の心、ノンアルコール、(酒を飲んでいない)しらふ,paj + wwar,,,,,,,
pajzjnbar,NC,白色,paj + zinbar,,,,,,,
pan,A,大きい 大なる 多くの 豊かな 優勢の 顕性の,,,,,,,,
pan,AV,たぶん、おそらく、もしかしたら、おおよそは,,,,,,,,
pan,ND,積算 積 大 豊かさ 豊穣 豊富 豊満 優勢 顕性 ,,,,,,,,
pan,VI,1. Aを掛ける 2. Aが増える、Aが拡大する,,,,,,,,
panAda,NC,先生、閣下、大位、大爵、子爵,pan + Ada,,,,,,,
panaze,NC,構想、思想,pan + waze,,,,,,,
panaze,VI,Aを構想する、Aを発想する,,,maro panaze 想像する,,,,,
pangasto,NC,大志,pan + gasto,,,,,,,
pangj,A,最愛の,,,,,,,,
pangj,NC,最愛、寵愛、恋人、寵臣,pan + gi,,ja:ren pangi カレシ sepmin pangi カノジョ,,,,,
panhe:te,NC,大拡散(嗣族・魔族らが原族の太陽系を離れ、宇宙の各方面へ移住すること),pan + he:te,,,,,,,
panja:da,NC,人名(大いなる信仰),pan + ja:da,,,,,,,
panmazber,NC,春分点、春,pan + mazber,,,,,,,
panna:non,NC,大教師,pan + na:non,,,,,,,
panon,A,発展した、発達した、進歩した、複雑な、合成の,,,,,,,,
panon,NC,発展、発達、進歩、複雑、合成、合成物,pan + ton,,,,,,,
panon,VI,Aが発展する、Aが発達する、Aが進歩する、Aが複雑になる、Aを合成する,,,,,,,,
panOwr,NC,大臣,pan. + Owr,,,,,,,
panperjje,NC,人名(大将軍),pan + perije,,,,,,,
panron,NC,大学,pan + ron,,,,,,,
panserze,NC,(聖王の)大権,pan + serze,,,,,,,
pantemjn,A,カラフルな、色とりどりの、多様な、百姓の、全ての人民の、全国民の、人類の、人間一般の,,,,,,,,
pantemjn,NC,(多くの色)カラフル、多様、百姓、全ての人民、全国民、人類、人間一般,pan + temin,,,,,,,
par,A,農業の 生産の 性交の 第九の,,,,,,,,
par,ND,生起 発生 耕作 栽培 種まき 植樹 生産 性交,,,,,,,,
par,VI,Aが起きる Aがはじまる Aが生える (生産するために)Aを行なう Aを植える,,,wazo par 畑を耕す,mjnj par 樹を植える,dar par 性交する,,,
par ba,VT,BがAに植えられる,,,,,,,,
parba,NC,植物,par + ba,,,,,,,
paran ba,VT,1.1. BがAを保護する 1.2. BがAを弁護する 2. BはAを支配する 3. BはAの親権を持つ,,,,,,,,
paran,ND,自衛、護身、防御、ディフェンス、自尊、武器 安全,,,paran waton 武装する,,,,,
paran,VI,Aは自衛する Aは安全を保つ,,,,,,,,
paranaton,NC,武装,paran + waton,,,,,,,
paranazon,NC,自治,paran + wazon,,,,,,,
paranba,ND,保護、支配、親権、保護者、支配者、親権者,,,,,,,,
paranbaOwr,NC,人名(保護者の忠臣),paranba + Owr,,,,,,,
paranbaron,NC,防衛、防衛軍、衛士、衛士府,paranba + ron,,,,,,,
parhor,NC,事件、事案,par + hor,,,,,,,
parone:,NC,1. 農業 2. 人名(耕作に従事する者),par + wone:,,,,,,,
pat,ND,下賜、賜手、左手、内手、左 西 仲(次子),,,,,,,,
pat,VI,Aを(下位の者へ)賜うる、Aを下賜する、Aを下達する、Aを教授する,,,,,,,,
patpha,NC,弟、妹,pat + pha,,,,,,,
pazdaw,VI,Aを塗りつぶす、Aを塗りかえる、Aが適応する、Aを翻案する,,,,,,,,
perjje,A,1. 仕切られた、量り売りにされた 2. 統制された、統率された 3. 指揮官の、将軍の 4. 相続された、遺産の,,,,,,,,
perjje,ND,1. 仕切り、量り売り 2. 統制、統率、指揮 3. 指揮官、将軍 4. 相続、遺産,,,,,,,,
perjjedw,NC,統族,perije + dw,,,,,,,
perjjepha,NC,太子、王太子、聖太子,perije + pha,,,,,,,
pexban,VI,Aに十八を掛ける,,,,,,,,
pexma,ND,十八,,,,,,,,
pexman,VI,Aに十八を加える,,,,,,,,
pexmjz,VI,Aから十八を引く,,,,,,,,
pexmjwr,VI,Aを十八で割る,,,,,,,,
pha,AV,強調,,,,,,,,
pha,ND,青銅数 口、舌 話者 人間、……のような人 諸……人 士 諸士 花,,,,,,,,
pha,NP,1. ～～というモノ 2. 他動詞主格、自動詞同格,,,,,,,,
phajo:b,NC,選挙,pha + jo:b,,,,,,,
phajo:bjr,NC,民主主義、民主制、共和国,phajo:b + jir,,,,,,,
phjm,ND,女性,female,英語,tah phim 彼女,,,,,
pho:zj,A,甘い、効果がある、利益がある,,,,,,,,
pho:zj,ND,1.1. りんご 1.2. 果物、果実 1.3. 甘さ 2. 利益 3. 効果,,,,,,,,
pho:zjjen,NC,有効化,phu:zi + jen,,,,,,,
pho:zjjen,VI,Aを有効にする,,,,,,,,
pe:r,ND,鍵,,,,,,,,
pjjerj,A,細身の、すらっとした、若い,,,,,,,,
pjjerj,ND,細身、痩身、若者,,,,,,,,
pjsxj ba,VT,BがAを狙う、BがAを狙撃する、BがAを目論む,,,,,,,,
pjsxj,INT,注意しろ、気をつけろ,,,,,,,,
pjsxj,ND,坂 傾き 斜め 感覚 官能 代名詞,,,,,,,,
pjsxj,VI,Aが傾く、Aが斜めになる、Aを感じる、Aに気付く(気付いている),,,,,,,,
pjsxjba,NC,目的、目標、目論見,pisxi + ba,,,,,,,
pjz hor,P,～～の下にある,,,,,,,,
pjz,A,1. 一を引いた 2. マイナス、負号 3. 下の、地下の 4. 短い ,,,,,,,,
pjz,AV,少しの間、少しばかり,,,,,,,,
pjz,ND,減算、差、下、分子、部分、厚切れ、構成員,,,,,,,,
pjz,P,1. ～～の下の、～～の下にある 2. ～～よりも少なく、～～よりも弱く,,,,,,,,
pjz,VI,Aが退く Aが引く、Aが抜かれる 2. Aが離れる 3. Aをちじめる,,,,,,,,
pjz ba,VT,BをAから引く,,,,,,,,
pjzAda,NC,下位,piz + Ada,,,,,,,
pjzAmon,NC,赤字,piz + Amon,,,,,,,
pjzennam,NC,紫外線,piz + zennam,,,,,,,
pjzgwnwra,NC,地下室,piz + gunwra,,,,,,,
pjzhor,ND,抽象されたもの、抽象,piz + hor,,,,,,,
pjzmaro,NC,抽象、象徴、徽章、バッジ,piz + maro,,,,,,,
pjzpho:zj,NC,有利、優位,piz + phu:zi,,,,,,,
pjzron,NC,小論,piz + ron,,sepmi pizron 第三講,,,,,
pjzso:rbasago,NC,冬至、冬,piz + so:rbasago,,,,,,,
po:d,A,外の、外部の、外国の、形而上の,,,,,,,,
po:d,AV,外へ、外部へ、外国へ、形而上で,,,,,,,,
po:d,ND,外、外部、超、形而上(メタ),,,,,,,,
po:d,P,1. ～～の外部で、～～以外で、～～を超えて 2. ～～しか、～～すら、～～さえ,,,,,,,,
po:d,VI,1. Aが外に出る,,,,,,,,
po:dAda,NC,過大、過重、外位,po:d + Ada,,,,,,,
po:dber,形而上界,,po:d + ber,,,,,,,
po:dpha,NC,外国人,po:d + pha,,,,,,,
po:dpwxo:h,NC,孫、子孫(三世孫以降の子孫全体を指す),po:d + puxu:h,,ro:p po:dpuxu:h 五世孫(=玄孫),,,,,
po:dra,NC,屋外、外廷,po:d + ra,,,,,,,
po:draOwr,NC,廷臣(外廷臣下),po:dra + Owr,,,,,,,
po:dron,NC,外軍,po:dron,,,,,,,
po:ra,CON,1. 排他的論理和 2. ～～か、さもなくば～～,,,,,,,,
pojr,ND,トマト,,,,,,,,
ponro: ba,VT,BがAを選抜する、BがAを指名する,,,,,,,,
ponro:,ND,感謝、受命,,,,,,,,
ponro:,VI,Aを感謝する、Aを受命する,,,,,,,,
ponro:ba,NC,選抜、指名、任命,ponro: + ba,,,,,,,
por,ND,雨、雨のように大量に降って(落ちて)くるもの、降下、落下,,,,,,,,
por,VI,Aが降る、Aが落ちる,,,,,,,,
prj,ND,プランク定数(6.626,070,,15 x 10^-34 J s),,,,,
pron,ND,井戸 源泉 海 根拠 原因 理由 法源 院 学院,,,,,,,,
pronat,NC,海上のボート、海上船舶、海上の軍艦,pron + at,,,,,,,
pronon,NC,海軍,pron + ron,,,,,,,
pronxor,NC,因果,pron + xor,,,,,,,
pronxorron,NC,因果説,pronxor + ron,,,,,,,
puxo:h,ND,帽子、冠、子、子分、子弟、子孫、学子,,,,,,,,
ra,ND,1.1. 地点 1.2. 座 2.1. 住居、家屋 邸宅 2.2. 集会所 3.1. 城、宮殿 3.2. 聖廷、聖堂 4.1. 党、党派 4.2. 学党、結社、団体、協会 5. 会社 6. 内閣、政権 7. ～～する者,その地点にある座,,,,,,,
rapjz,NC,(集団の構成員)党員、司祭、幕僚、閣僚、社員,ra + piz,,,,,,,
rasw,NC,(聖廷などの)官職 官僚,ra + wasw,,,,,,,
ra:ta,ND,柳,,,,,,,,
ra:tasepmj,NC,柳営,ra:ta + sepmj,,,,,,,
re:no ba,VT,BかAである、BでもAでもよい、 BかAかどちらかあればよいと願う,AはBでもかまわない,,,,,,,
re:no,CON,1. 選言 2. ～～か、～～または～～,,,,,,,,
re:no,ND,1. 待望、期待、2.1. 志願、申請 2.2. 志願者、申請者,,,re:no hadis 失望する,,,,,
re:no,VI,1. Aが願われる、Aが待望される、Aがたのまれる 2. Aを申請する,,,,,,,,
re:noOwr,NC,人名(期待の忠臣),re:no + Owr,,,,,,,
remw,ND,笏,,,,,,,,
re:ne ba,VT,BがAを歌う、BがA(詩歌)を作ってうたう,,,,,,,,
re:ne,AV,聞かされて、言われて,,,,,,,,
re:ne,ND,響き、反響、音(天音)、音声、音波、波、波動、歌、音楽、直感、発想、発案、アイデア,,,,,,,,
re:ne,VI,1.1. Aが響く Aを聞く、Aが聞こえる、1.2. Aを歌う、2.1. Aだと思う、Aを直感する 2.2. Aのことを思う,音が鳴るさま,,,,,,,
re:nehadjs,NC,伝記,ri:ne + hadis,,,,,,,
re:neswmaba,NC,番組,ri:ne + sumaba,,,,,,,
rjh,ND,靴,,,,,,,,
rjn ba,VT,BがAを引き受けさせる BがAを押しつける BがA(興味、魅力、影響、誘惑)を与える BがAをやりたがるようにする,,,,,,,,
rjn,A,1. 受け取った、受けいれた 2. 受け継いだ、相続した 3. 子(養子)の 4.収容できる 4.塩基の、アルカリの 大人の 対性の,,,,,,,,
rjn,AV,未来への意思 意欲がある やろうと思う 予定している ,,,,,,,,
rjn,ND,授受 受容 引受 賛成 賛意 継受 相続 養子 収容 受益者 塩基 アルカリ性 服用 治療 対性,,,rjn dar,対性の子供,,,,
rjn,VI,Aを受け取る Aを受けいれる Aを引き受ける Aに賛成する Aを受け継ぐ Aを相続する Aを子(養子)にとる Aを収容する Aだけ収容できる A(薬)を服用する A(医療)を受ける A(電子、プロトン)を受ける Aが大人になる Aが対性に転換する,,,,,,,,
rjnas,NC,嗣族,,,,,,,,
rjnazo,NC,養子契約,rin + wazo,,,,,,,
rjnba,A,押し付けがましい 興味ぶかい 魅力のある かわいい 影響された 誘惑された,,,,,,,,
rjnba,NC,興味 魅了 影響 誘惑,rin + ba,,,,,,,
rjnhogw,NC,受諾、了解、許諾、許し,rin + hogu,,,,,,,
rjnhogw,VI,Aを受諾する、Aを了解する、Aを許す,,,,,,,,
rjnnasjje,NC,人名(後継の武者),rin + nasije,,,,,,,
rjnpuxo:h,NC,嗣子,rin + puxu:h,,,,,,,
rjnron,NC,容量、収容人数、服用量,rin + ron,,,,,,,
rjnshe,NC,好意、味方,rin + she,,,,,,,
rjp,A,その、おまえの,,,,,,,,
rjp,ND,1. 数 2. 数学 3. 言語 4. 奉仕、労役、サービス、職、職業,,,,,,,,
rjp,NP,[第二代名詞] 1. それ 2. おまえ、君 3. (存在する)もの、こと、ひと,,,,,,,,
rjpton,AV,それに加えて そのうえ しかも それから そして,,,,,,,,
rjs,ND,自然定数(2.71828...) 自然,,,,,,,,
rjsma,NC,人名(自然吾),ris + ma,,,,,,,
rjsmo,VI,1. Aが来る、Aが参る,,,,,,,,
rjo:p,ND,犬、イヌ,,,,,,,,
ro:,A,第五の,,,,,,,,
ro:berten,NC,五月,ro:p + berten,,,,,,,
ro:nam,NC,青色 晴天 晴れ,ro:p + nam,,,,,,,
ro:p,ND,五,,,,,,,,
ro:pAda,NC,五爵,ro:p + Ada,,,,,,,
ro:pan,VI,Aに五を掛ける,,,,,,,,
ro:pjz,VI,Aから五を引く,,,,,,,,
ro:pjwr,VI,Aを五で割る,,,,,,,,
ro:pon,VI,Aに五を加える,,,,,,,,
ro:ppha,NC,五師,ro:p + pha,,,,,,,
rober,NC,金曜日,ro:p + ber,,,,,,,
rogan,AV,いろいろと さまざまに あれこれと,,,,,,,,
rogan,A,いろいろな 雑多な さまざまな,,,,,,,,
rogan,ND,草 雑草 いろいろなものごと 雑多なものごと 雑談 雑学,,,,,,,,
romjte,ND,変革、革命、革新,,,,,,,,
ron,A,説教の、経典の、まとめられた、集団の、同盟の、書籍の、学問の、行政の、治安の,,,,,,,,
ron,ND,教えられたこと 教えを書いたもの 説教、経典、教義 言われたこと 議論されたこと 言説 語録 記録 原稿 論文 書類 本 事典 カタログ データ データーベース 学 学問 (個人の持つ)見識 知見 人間や物品などの集団・集合(類、達、勢、群など) カテゴリ 品目 同盟 連合 武力 兵力 軍 軍勢 連合軍 執政 行政 司法 立法 治安,人から教えられたことをまとめたもの,,,,,,,
ron,VI,1. Aを教える、Aを説教する 2. Aをまとめる、Aを集める,学問を教授する,,,,,,,
ron ba,VT,BがAを包含する BがAを含める,,,,,,,,
ronba,NC,包含,ron + ba,,,,,,,
ronhjma,NC,(ものを縛るための)バンド,ron + hima,,,,,,,
ronhobra,NC,集合住宅、アパート、マンション,ron + hobra,,,,,,,
ronpat,NC,教授,ron + pat,,,,,,,
ronpha,NC,学者、博士,ron + pha,,,,,,,
ronphapron,NC,学士院,ronpha + pron,,,,,,,
ronpron,NC,学院、法文院,ron + pron,,,,,,,
ronra,NC,講座、講学、学党、警官,ron + ra,,,,,,,
ronswnogba,NC,寄稿,ron + sunogba,,,,,,,
ronswnogbara,NC,寄稿者,ron + sunog ba + ra,,,,,,,
ronta:,NC,コレクター,ron + ta:,,,,,,,
ronwej,NC,(軍の)駐屯,ron + wej,,,,,,,
ronwejra,NC,駐屯地、基地,ronwej + ra,,,,,,,
rwh,ND,技術、技巧、工業,科学技術,,,,,,,
rwhmjswx,NC,人名(技術の追求),ruh + misux,,,,,,,
rwhpron,NC,法術院,ruh + pron,,,,,,,
rwj,ND,ほお,,,,,,,,
rwm,ND,最大視感効果度(683 lm W^-1),,,,,,,,
rwna,ND,月,,,,,,,,
rwse,ND,曲線、弓、弦、三日月、湾,,,ruse jen ba 曲げる,,,,,
rwx,ND,点 数字 文字 記号 シンボル 単語 言葉 (書かれたもの)手紙 書籍 書類 記事,数字,,,,,,,
rwx,VI,Aを書く,,,,,,,,
rwxjga,ND,麻,,,,,,,,
rwxjgahjme:r,NC,麻布、キャンバス,ruxiga + hjme:r,,,,,,,
rwxpha,NC,書き手、筆者、著者,rux + pha,,,,,,,
rwxphaje:,NC,著作権,ruxpha + je:,,,,,,,
rwxwr,NC,詐術、詐欺、処世術、強欲(の者),rux + xur (業務・経営での報告・発表に必要な)数字をこしらえる,,,,,,,
rwzo,ND,ロウ、ワックス,,,,,,,,
rwzojawa,NC,ロウソク,ruzo + jawa,,,,,,,
rwmo,A,接している、接着した、束縛された、結束した、となりの、付随する、取り付けられた、装備している,,,,,,,,
rwmo,AV,なりそうな、やりそうな,,,,,,,,
rwmo,ND,接着 接合 束縛 結束 隣接 同行 同行者 添付 添付物 取り付け 装備 撃手 右手 外手 右 東 叔(第三子) 形容詞,,,,,,,,
rwmo,P,～～に接して、～～ととなりあわせで、～～に付随して,,,,,,,,
rwmo,VI,1.1. Aに接する、Aととなりあわせだ 1.2. Aを接着する、Aを束縛する、Aが結束する 1.3. Aを装備する 2.1. Aについてくる、Aに添付されている 2.2. Aを取り付ける、,,,,,,,,
san ba,VT,BがAをさせる、BがAを勧告する、BがAを忠告する、BがAを請求する,,,ba san pha nengw,鎮圧する,,,,
sanba,NC,忠告者 鎮圧 鎮圧者 債権,san + ba,,,,,,,
san,A,義務の、勧告の,,,,,,,,
san,ND,勧告、忠告、債務,,,san nanone: 債務不履行,,,,,
san,VI,Aをさせられる、Aを勧められる、Aを忠告される,,,,,,,,
sanjwr,NC,(債務記載の票) 1. 請求書、督促状 2. 債券,san + ja:rjur,,suma sanjur 国債 ra sanjur 社債 je: sanjur 公債,,,,,
sarjh,ND,板、平面 章 面,,,,,,,,
sasar,ND,ニワトリ,,,,,,,,
sasarenjas,NC,(ニワトリの)卵,sasar + genjas,,,,,,,
satwrn,ND,土星,,,,,,,,
saw,ND,首,,,,,,,,
sazo:,ND,菌糸類、きのこ,,,,,,,,
se:,P,～～によって ～～のせいで,,,,,,,,
se:ja ba,VT,BがAに奉仕する、BがAに挺身する BがAの犠牲となる、BがAをもてなす,,,,,,,,
se:ja,AV,助けてもらって、補佐されて、してもらって,,,,,,,,
se:ja,ND,助力、支援、手助け、支援物資,,,,,,,,
se:ja,VI,Aを助ける、Aを支援する、Aを補佐する,,,,,,,,
se:jaba,NC,奉仕 奉公 奉聖,奉仕、挺身、犠牲、もてなし、饗膳,,,,,,,
se:japha,NC,補佐官,se:ja + pha,,,,,,,
se:na,AV,聞いて、うかがって,,,,,,,,
se:na,VI,Aを聞く、Aを聴聞する,,,,,,,,
se:naxwren,NC,公聴会,se:na + xuren,,,,,,,
seber,NC,水曜日,sepmi + ber,,,,,,,
seberten,NC,三月,sepmi + berten,,,,,,,
sej,A,1. ___ 2. 声の、天声の、言語の 3. ___ 4. 聖の、聖法の 5. 人類、原人類の,,,,,,,,
sej,ND,1.1. ___ 1.2. 声、天声、言語 1.3. ___ 2 聖、聖法 3.人類、原人類,,,,,,,,
sej,VI,A(聖法、聖歌、魔法など)を詠唱する,,,,,,,,
sejan,NC,聖天,sej + wan,,,,,,,
sejanjrazon,NC,聖天教理,sejan + jrazon,,,,,,,
sejas,NC,聖族,,,,,,,,
sejazon,NC,聖王,sej + wazon,,,,,,,
sejazonnw,NC,聖王従僕,sejazon + nu,,,,,,,
sejazontonzjn,NC,聖王藩屏,sejazon + tonzin,,,,,,,
sejber,NC,聖界,sej + ber,,,,,,,
sejejn,NC,窒素、リン,sej + tejin,,,,,,,
sejga,NC,聖星,sej + ga,,,,,,,
sejhat,NC,聖皇,sej + hat,,,,,,,
sejje:,NC,聖礼,sej + je:,,,,,,,
sejje:pron,NC,聖礼院,sejje + pron,,,,,,,
sejo:,NC,窒化物イオン、硝酸イオン、リン酸イオン,sej + zo:,,,,,,,
sejperjje,NC,聖族遺産,sej + perije,,,,,,,
sejpha,NC,人名(聖なる人),sej + pha,,,,,,,
sejra,NC,聖廷、聖堂,sej + ra,,,,,,,
sejrapron,NC,聖廷院,sejra + pron,,,,,,,
sejrjp,NC,1. 言語 2. 聖語 3. 聖法,sej + rip,,,,,,,
sejron,NC,聖学、聖歌、聖詩、音楽、詩、詩歌,sej + ron,,,,,,,
sejronra,NC,聖唱団、聖歌隊,sejron + ra,,,,,,,
sejsepmjn,NC,聖帝(三界をまとめるもの),sej + sepmin,,,,,,,
sejwme:h,NC,聖国,sej + wumi:h,,,,,,,
sejxjwr,NC,窒素原子、リン原子,sej + xjur,,,,,,,
sejxor,NC,聖史,sej + xor,,,,,,,
sep,A,第三の,,,,,,,,
sepban,VI,Aに三を掛ける,,,,,,,,
sepmj,A,集団の、集合の、体制の、とりまとめられた、とりしきられた、入れ子の、再帰の,sepmida:tan(三六=村落)より,,,,,,,
sepmj,ND,三 集団 集合 体制 まとめ 入れ子 再帰,,,,,,,,
sepmj,VI,Aが再帰する Aが入れ子になる,,,,,,,,
sepmjAda,NC,三爵,sepmi + Ada,,,,,,,
sepmjda:tan,NC,村落、村,三六(六体制論による衆人の体制的集団の単位で家族(六)の集合),,sepmi + da:ta + ton,,,,,
sepmjgj,NC,三徳(力量 serze、見識 ron、貫目 Ada),sepmi + gi,,,,,,,
sepmjn,VI,Aに三を加える,,,,,,,,
sepmjpha,NC,三師,sepmi + pha,,,,,,,
sepmjz,VI,Aから三を引く,,,,,,,,
sepmjwr,VI,Aを三で割る,,,,,,,,
serze,ND,行為、遂行、作戦、作業、労働,,,serze jo:b xu 可能な,,,,,
serze,VI,Aを行う、Aという行為をする、Aを遂行する、Aの労働をする,,,zin serze 協力する,,,,,
serzera,NC,官庁,serze + ra,,,,,,,
ses,NC,国際単位系で定義されたセシウム133原子の超微細遷移の振動数(9,192,,631,770 Hz),sesiwum + hobsej,,,
sesjwm,ND,セシウム,,,,,,,,
setan,ND,1. 入口、門 2.1. 始まり、端緒 2.2. (新商品などの)導入 2.3. (生物の)誕生 2.4. (植物の)発芽、開花 3. 港 4.1. 種、豆、実 4.2. 穀物 5. 祖先,入口 6. 首席,,setan par 種をまく、始める、生まれる,tonro:nam setan エンドウ豆,,,,
setanan,NC,初登場、デビュー,setan + wan,,,,,,,
setanOwr,NC,宮師(首席廷臣),setan + Owr,,,,,,,
setansejazon,NC,人名(始聖王),setan + sej + wazon,,,,,,,
setanxa:nra,NC,軍師(首席剣僚),setan + xa:nra,,,,,,,
setanwej,NC,デフォルト設定、初期設定,setan + wej,,,,,,,
sexond,ND,秒(単位),,,,,,,,
seza:m,ND,かばん、バッグ,,,,,,,,
shawwa,ND,(入浴用の)シャワー,shower,英語,,,,,,
she,AV,横に、隣に、近くに,,,she ton 近づく,,,,,
she,CON,ともに,,,,,,,,
she,ND,側面 隣 横 配偶者(夫・妻) 相方 相棒,,,,,,,,
she,P,～～の横に、～～の隣に、～～の近くで,,,,,,,,
she,VI,Aが左右に動く、Aが震える,,,,,,,,
shebasago,A,1. 補佐の 2. 診療の,,,,,,,,
shebasago,NC,1. 側近、助手、補佐 2. 医者,she + basago,,,,,,,
shebasago,VI,(側に立つ) 1. Aを補佐する 2. Aを診察する,,,,,,,,
shebasagora,NC,診療所,shebasago + ra,,,,,,,
shebasagowasw,NC,診断,shebasago + wasu,,,,,,,
shebasagowasw,VI,A(病名など)だと診断する,,,,,,,,
shejo:g,NC,近代,she + jo:g,,,,,,,
sheparan,NC,護衛、親衛、近衛兵、親衛隊,,,,,,,,
sheparanron,NC,親衛府、親衛軍,sheparan + ron,,,,,,,
shepjsxj,NC,= ja:reshepisxi,she + pisxi,,,,,,,
sheron,NC,派閥、学閥,she + ron,,,,,,,
sheton,NC,接近 好意,she + ton,,,,,,,
sheton,VI,Aに接近する Aに近づく Aが好まれる Aが好かれる,,,,,,,,
shexan,NC,法僚,she + xan,,,,,,,
se:ge,CON,(逆接)しかし、だが,,,,,,,,
sjbesga,A,険しい、難しい、障害のある、けがをした、損害のある、鋭い、よく切れる,,,sibesga she 障害のある,,,,,
sjbesga,ND,険しさ、難しさ、困難、障害、ハンディキャップ、けが、損害、鋭さ,,,sibesga guno: ba 損害を与える,,,,,
sjmpj,ND,たれさがること,,,,,,,,
sjmpj,VI,Aがたれさがる,,,,,,,,
sjnsjn,INT,1. ぶらぶら、ふらふら,,,,,,,,
sjx,ND,虚数、目に見えないもの、形而上、空想、概念,,,,,,,,
sjxaze,NC,人名(形而上哲学者),six + waze,,,,,,,
sjxazeron,NC,シカゼ法典,sixaze + ron,,,,,,,
sjma,ND,枝、分岐、分岐路、股間部,,,,,,,,
sjmara,NC,支店、支社、支局、支部,sjma + ra,,,,,,,
so:ban,VI,Aに二十を掛ける,,,,,,,,
so:na,ND,二十,,,,,,,,
so:nan,VI,Aに二十を加える,,,,,,,,
so:njz,VI,Aから二十を引く,,,,,,,,
so:njwr,VI,Aを二十で割る,,,,,,,,
so:r,ND,太陽,,,,,,,,
so:rbasago,NC,夏至、冬至,so:r + basago,,,,,,,
sos ba,VT,BがAを擁護する、BがAを弁護する,,,,,,,,
sos,ND,依頼、交渉、借用、借金,,,,,,,,
sos,VI,Aを頼む、Aを依頼する、Aを交渉する、Aを借りる,,,,,,,,
sosba,NC,擁護、弁護、擁護者、弁護士,sos + ba,,,,,,,
sozja,A,清い、澄んだ、まざりけのない、純粋な,,,,,,,,
sozjasejazon,NC,人名(清い声の王),sozja + sej + wazon,,,,,,,
swma ba,VT,BはAを織る BはAをつくる,,,,,,,,
swma,A,穴の、洞窟の、ほどよい、具合のいい、きれいな 入会の、入団の、共同体の、都市の、国家の、形而下の、物理の、自然の、感覚できる,,,,,,,,
swma,ND,1. 穴、洞窟 2. 程度、具合、塩梅 清潔 3. 入会、入団 4. 共同体、都市 5. 国家 6. 形而下、物理、自然、感覚,,,ja:da suma 都心部,,,,,
swma,P,1. ～～の内部に、～～以内に 2. ～～ほど、～～ていど、～～ぐらい,,,,,,,,
swma,VI,1. Aが中に入る 2. Aがメンバーになる Aで構成されている,,,,,,,,
swmaba,NC,構成物 構造物 構成 構造 組織 組上げ 認識 聖織(聖識),suma + ba,,,,,,,
swmaber,NC,形而下界(物理界、自然界、感覚界),suma + ber,,,,,,,
swmara,NC,屋内、内廷、国家同盟、市民,suma + ra,,,,,,,
swmaragenba,NC,市民権,sumara + genba,,,,,,,
swmaranw,NC,内廷下僕,sumara + nu,,,,,,,
swmaron,NC,内軍 連邦 連合国 合衆国,suma + ron,,,,,,,
swnog ba,VT,1.(外部に対して)BがAを渡す 2. BがAを伝える、BがAを告知する、BがAを発表する 3. BがAを派遣する,物を内部から外部に伝える,,xur daw sunog ba 話し合う、協議する,,,,,
swnog,AV,聞くところによると、伝えられるところでは、,,,,,,,,
swnog,ND,1.1. 通知、告知、1.2. 通信、連絡網、1.3. 自白、2.1. (一方から他方へ渡す)板、カウンター、ベンチ、梁、2.2. 橋、通路、廊下 2.3. 管、チューブ、パイプ、腸 2.4. 電線、電話線,内部で渡すもの 2.5 デスクトップ 3. 酒場、バー,,,,,,,
swnog,VI,1. (内部において)Aを回す、Aを渡す、2.1. Aを伝える、Aを告知する 2.2. Aを自白する,,,,,,,,
swnogba,A,渡された、発表の、報道の、酸の,,,,,,,,
swnogba,ND,1. 譲渡 2. 告知、発表、報道 3. 合図 4. 派遣、使者、使節、大使 5. 酸、酸性、,,,,,,,,
swnogbara,NC,伝令、通信員、特派員,sunog ba + ra,,,,,,,
swnogbare:ne,NC,議案,(xur daw)sunog ba + ri:ne,,,,,,,
swnogbaron,NC,議事録、議題リスト,(xur daw)sunog ba + ron,,,,,,,
swnogbawan,NC,発表、公式発表、布告,sunogba + wan,,,,,,,
swnogpron,NC,交信院,sunog + pron,,,,,,,
swtra,A,長方形の、規則ただしい、儀式の、大会の、イベントの,,,,,,,,
swtra,ND,長方形、箱、儀式、大会、イベント,,,,,,,,
swtramaro,NC,人名(規則ただしい人となり),sutra + maro,,,,,,,
swxjje:,ND,荷物、積荷,,,,,,,,
ta:,A,第十六の,,,,,,,,
ta: ba,VT,1. BがAをやらせる、BがAを行なわせる、BがAを強いる,,,,,,,,
ta:ba,NC,強制 強圧 反作用 抵抗,,,,,,,,
ta:,ND,行動 活動 使役 行動者 活動者 作用 動詞,,,,,,,,
ta:,P,～～させる,,,,,,,,
ta:,VI,1. Aを行う、Aという行動をする、Aという活動をする 2. (C ni A ta:)CをしてAをさせる、CにAを強いる,,,,,,,,
ta:ba,A,恣意的な、勝手な、独断の、専横の,,,,,,,,
ta:pan,VI,Aに零(小零)を掛ける,,,,,,,,
ta:pha,NC,1. 行う者、行動者 2. 活動家 3. 使役者、強要者,ta: + pha,,,,,,,
ta:t,ND,1. 大十六 2. 零・小零,,,,,,,,
ta:tjz,VI,Aから零(小零)を引く,,,,,,,,
ta:tjwr,VI,Aを零(小零)で割る,,,,,,,,
ta:ton,VI,Aに零(小零)を加える,,,,,,,,
tadewed ba,VT,BがAを痛めつける、BがAを酷使する、BがAに懲役を課す,,,,,,,,
tadewed,A,つらい、苦しい、苦痛の、残虐な、たえがたい,,,,,,,,
tadewed,ND,つらさ、苦しみ、苦痛、苦役、苦労,,,,,,,,
tadewed,VI,Aが痛めつけられる、Aが酷使される、Aが懲役を課される,,,,,,,,
tah,A,あの、彼の,,,,,,,,
tah,NP,[第三代名詞] 1. あれ 2. あの彼,,,,,,,,
tara:rsj,ND,空腹、欠乏,,,,,,,,
tedwm,ND,脳、頭脳,,,,,,,,
tegjja,AV,昨日に,,,,,,,,
tejn,A,軽い,,,,,,,,
tejn,ND,根、対数、狭、元素、縮小、緩むこと、ほどくこと、離婚、離縁,,,,,,,,
teji,VI,1. Aの二乗根を求める 2. Aのlogを求める 3. Aが縮小される 4. Aがゆるむ Aをほどく 5. 離婚する、離縁する,,,,,,,,
tejnAda,NC,狭位,tejin + Ada,,,,,,,
tem,ND,真空中の光速度(299,792,,458 m s^-1),,,,,
temjn,A,1. 光の、明るい、輝く 1.1. 色の 2. 恒星の、太陽の 3. 朝の 4. 速い 5. 要領のいい,,,,,,,,
temjn,ND,1. 光、明るさ 1.1. 色 2. 恒星、太陽 3. 朝 4. (仕事の)要領 5. 人名,,,,,,,,
temjnas,NC,1. テミン氏族 2. 人名(テミン氏族の者),temin + was,,,,,,,
temjngjd,NC,人名(太陽に向かって),temin + gid,,,,,,,
temjnmetwox,NC,人名(輝かしい業績),temin + metwox,,,,,,,
temjnnj,NC,光線,temin + wani,,,,,,,
temjnnjxxj,NC,光速度,temin + nixxi,,,,,,,
temjnon,NC,発光、照明、撮影,temin + ton,,,,,,,
teminon,VI,Aを発光させる、Aを照らす、Aを映し出す,,,,,,,,
temjnonjzjm,NC,発光金属,teminon + jizim,,,,,,,
ten ba,VT,BがAを選ぶ BがAを指名する、BがAを犠牲にする、BがAを処刑する,,,,,,,,
ten,ND,選出 危険 リスク 死 責任 あやまり あやまち 誤謬 罪 男気 根性 意地,犠牲(生贄)に選ばれること,,,,,,,
ten,VI,Aが選ばれる Aが危険に瀕する Aが死ぬ Aがまちがう Aがあやまちをおかす Aが罪を犯す Aが犯罪をする Aが責任を負う Aが成人する Aが大人になる Aが根性を見せる Aが意地をはる,,,,,,,,
tengo:,NC,1. 死を知ること 2. 大人、成人,ten + go:,,,,,,,
tenhor,NC,責任,ten + hor,,,,,,,
tenhorpha,NC,責任者、委員,tenhor + pha,,,,,,,
tenpha,NC,1. 巫女 2. 人柱,ten + pha,,,,,,,
tenpha,NC,選手、アスリート,ten + pha,,,,,,,
tenphaswtra,NC,選手権,tenpha + sutra,,,,,,,
tenrjn,NC,帰責、冒険、ばくち、ギャンブル 大人 成人,ten + rin 危険の引受け,,,,,,,
tenrjn,VI,Aであることに賭ける,,,,,,,,
tenswnog,NC,警告、警報、アラーム,ten + sunog,,,,,,,
tenswnog,VI,Aに警告する、Aに警報を知らせる,,,,,,,,
tewos,ND,神 唯一神,theos,ギリシア語,,,,,,
terra,ND,地球,,,,,,,,
to:d,ND,百(十進法)  二五六(十六進法)  三六〇〇(六十進法) 世紀,,,,,,,,
to:djwr,NC,1.1. 百分の一(十進法)、パーセント 1.2. 二五六分の一(十六進法) 1.3. 三六〇〇分の一(六十進法),to:d + xjur,,,,,,,
ton hor,P,～～の上にある,,,,,,,,
ton,A,1.1. 一を足した 1.2. プラス、正号 2.1. 上の 2.2. 空の 3. 追加の 4. 長い,,,,,,,,
ton,ND,加算、和、上、順番、順序、方法、手続き、手段,,,,,,,,
ton,P,1. ～～の上の、～～の上にある 2. ～～よりも多く、～～よりも強く,,,,,,,,
ton,VI,1. Aが進む Aが足される、Aが積まれる、Aが重なる 2. Aが続く 3. Aを押す 4. Aをのばす、4.1 Aを強くする  5. Aが進む、Aが歩く 6.編集する,,,pajan ton X gjd,Xに忍び寄る,ton daw pron,航海する,mahor ton,おはよう こんにちは こんばんは
ton ba,VT,BをAに足す,,,,,,,,
tonAda,NC,上爵、上位、男爵,ton + Ada,,,,,,,
tonAmon,NC,黒字,ton + Amon,,,,,,,
tonber,NC,空、空間,ton + ber,,tonber daw ton 空を飛ぶ、(宇宙)空間を航行する,,,,,
tonberat,NC,航空機、飛行船,tonber + wat,,tonberat ra 航空会社,,,,,
tonberdeto,NC,空気,tonber + deto,,,,,,,
tonberon,NC,空軍,tonber + ron,,,,,,,
tonbersetan,NC,空港,tonber + setan,,,,,,,
tongasto,NC,上志,ton + gasto,,,,,,,
tonpha,NC,兄、姉,ton + pha,,,,,,,
tonra,A,連載の、連続の,,,,,,,,
tonra,AV,連続の、切れ目なく,,,,,,,,
tonro:nam,NC,緑色,ton + ro:nam,,,,,,,
tonso:rbasago,NC,夏至、夏,ton + so:rbasago,,,,,,,
tonwwonam,NC,赤外線,ton + wwonam,,,,,,,
tonzjn,NC,堤防、土手、防壁、防塁,ton + zin,,,,,,,
tonzjnjwr,NC,ブロック、レンガ,tonzin + xjur,,,,,,,
toraz,ND,窓,,,,,,,,
twd,ND,乱数、でたらめ、混乱、偶然,,,,,,,,
twdhor,NC,偶然のできごと,tud + hor,,,,,,,
twgmo,ND,腰 北 季(末子),,,,,,,,
twmj,A,1. 先頭の (植物の)根の 根本の 2.2. 原初の、原本の 3. 単独の、勝手な、独断の 原料の 材料の,,,,,,,,
twmj,AV,単独で、勝手に、独断で,,,,,,,,
twmj,ND,1.1. 先頭 (植物の)根 1.2. (先頭で指揮をとる)指揮者、指導者 2.1. 根本 2.2. 原初 3.1. 単独 3.2. 独断 4. 神、主 原料 材料,,,,,,,,
twmj,VI,1. Aの先頭に立つ 2. Aの根本になる 3. Aの原本である、Aの原初である ,,,,,,,,
twmjgowje:,NC,独裁、独裁者,tumi + gowje:,,,,,,,
twmjpha,NC,指揮者、指導者、ボス、棟梁,tumi + pha,,,,,,,
twmjas,ND,原族,,,,,,,,
twpa,ND,シカ、ウシ,,,,,,,,
twe,ND,1. トゥエ(3センチメートル程度の長さの単位) 2. 短いもの 3. 弾、実包,,,,,,,,
twjdam,NC,薬莢,twe + widam,,,,,,,
twxap,NC,弾丸、弾頭,twe + xap,,,,,,,
wa:,INT,ああ,,,,,,,,
wabog,ND,アボガドロ定数(6.022,140,,76 x 10^23 mol^-1),,,,,
wamex,ND,足首,,,,,,,,
wampewa,ND,アンペア(単位),,,,,,,,
wan,A,あきらかな、ほんとうの、うたがいようもない、はっきりとした,,,,,,,,
wan,AV,あきらかに、しんじつ、うたがいようもなく,,,,,,,,
wan,ND,1. 鏡、2.1. 光 2.2. 天、光天 3. 宇宙 4.1. 真善美の存在、真実、善美、善きもの 4.2. 善人 5.出現、お目見え,,,,,,,,
wan,VI,Aがあらわれる、Aが明らかになる,,,,,,,,
wana:xa ba,VT,BはAを叩く、BはAを殴る、BがAを攻撃する、BがAでのクーデターを起こす、BがAを弾劾する,,,,,,,,
wana:xa,ND,触覚、感覚、意識,,,,,,,,
wana:xa,VI,1. Aに触れる、Aに触る 2. Aを感じる、Aを感覚する,,,,,,,,
wana:xaba,NC,殴打、暴行、攻撃、クーデター、弾劾,wana:xa + ba,,,,,,,
wanaze,NC,洞察,wan + waze,,,,,,,
wane,A,主要の、主な,,,,,,,,
wane,ND,主要、主要部分,,,,,,,,
wango:ba,NC,実演、証明,wan + go:ba,,,,,,,
wango:ba,VI,Aを実演する、Aを証明する,,,,,,,,
wanj,ND,1. 線 2. 文章 節,,,,,,,,
wanmaro,NC,鏡像,wan + maro,,,,,,,
wanta:,NC,示威行動、デモ,wan + ta:,,,,,,,
wanta:,VI,Aは示威行動をする,,,,,,,,
warbam,ND,(レコード、CDなどの)アルバム,album(英語),,,,,,,
warmjnjwwm,ND,アルミニウム,,,,,,,,
warxo:r,ND,アルコール,,,,,,,,
was,ND,共鳴 統一体 共同体 氏族 部 体 副詞,,,,,,,,
was,VI,Aの間で共鳴する Aの間で共感する Aたちが共同体をつくる Aが群れる,,,,,,,,
wasw ba,VT,1. BがAを数える、BがAを計算する 2.BがAの解を出す、BがAについて解答する 3.BがAと言う 4. BがAを問責する、BがAを罰する,,,,,,,,
wasw,ND,1.計算、計算者 2. 解答、解答者、(諮問に対する)回答、回答者 3. 発言、発言者4. 労働者、官吏 5. 答責者、受刑者 6. 嗣族(rinas),,,,,,,,
wasw,VI,1. Aを数える、Aを計算する 2. Aの解を出す、Aについて解答する 3. Aを発言する、Aを言う、Aについて解説する 4. Aの身を答責する、Aが罪に服する 5. A(金銭など)を出す、A(金銭など)を支払う,,,,,,,,
waswdw,NC,(労働力となる)従僕、奴隷,wasu + dw,,,,,,,
waswpha,NC,会計士,wasu + pha,,,,,,,
waswra,NC,史官、官僚、省庁,wasu + ra,,,,,,,
waswraje:ron,NC,官僚制,wasura + je:ron,,,,,,,
waswron,NC,(計算書) 会計書類、計画、予算,wasu + ron,,,,,,,
waswwometa,NC,弁官,wasu + wometa,,,,,,,
wat,ND,腹、1.1. (大型の)容器、1.2. コンテナ、2. 容量、3.1. 舟、ボート、船舶、軍艦、(pronat)水上船 3.2. (tonberat)航空機、飛行船 3.3. (gazugat)宇宙船、宇宙の軍艦,物資を入れる大型の容器,,,,,,,
wata:,ND,1. 白銀数、 2. 大夫,,,,,,,,
waton ba,VT,BはAを捨てる、BはAを切り捨てる、BはAを正しくする、BがAを更正する、BがAを修正する,,,,,,,,
waton,ND,獲得、後天性,,,,,,,,
waton,VI,Aを得る、Aを獲得する,,,,,,,,
watonba,NC,捨てること、放棄、切り捨て、正しさ、正義、更正、修正,waton + ba,,,,,,,
watonbajnnapajgenjnnaron,NC,後天性免疫不全症候群,waton + bajinna + pajgen + jinnaron,,,,,,,
wawh,ND,細胞,,,,,,,,
waze ba,VT,BがAを遠ざける,,,,,,,,
waze,ND,思慮 配慮 分別 識別 考察 思慮する人 考察者 哲人 手当 賞与 名詞,,,,,,,,
waze,VI,1. Aを思う、Aを思慮する2. Aを考える、Aを考察する,,,mado:r waze 熟慮する A wow B waze AがBを思わせる,,,,,
wazo,ND,1. 黒鉄数 2. 初 3.1. 畑 3.2. 鉱床 3.3. 胎盤 4.1. 諸人、人民 4.2. 同心、一揆、契約、取引 5.3. 人間関係、関係性 ,黒鉄数(第4貴金属数),,,,,,,
wazoAda,NC,初位,wazo + Ada,,,,,,,
wazon ba,VT,BがAに譲渡する、BがAに寄贈する、BがAに貢献する、BがAに献身する、BがAに捧げる,,,,,,,,
wazon,NC,1.1. 分配(公平的配分)、分配物、分与、分配者(畑を与え、民を増やす者) 1.2. 給付、給付金 2.1. 指導者、指導 2.2. 王 3. 公平 4.1. 人名 4.2. アゾン王族の始祖(畑=資産を与える者),wazo + ton,,,,,,,
wazon,VI,1. Aに(資産などを)与える、Aに分配する 2. Aでの民を増やす 3. Aを統治する,wazo + ton 畑を分配する,,,,,,,
wazona:non,NC,人治,wazo + na:non,,,,,,,
wazona:nonpron,NC,撫育院,wazona:non + pron,,,,,,,
wazonas,NC,アゾン王族,,,,,,,,
wazonba,NC,譲渡、寄贈、貢献、献身,wazon + ba,,,,,,,
wazonga,NC,王土、王領,wazon + ga,,,,,,,
wazonhobton,NC,中央銀行,wazon + hobton 王の銀行,,,,,,,
wazonhor,NC,王名、王統,wazon + hor,,,,,,,
wazonOwr,NC,王臣,wazon + Owr,,,,,,,
wazonpha,NC,諸王,wazon + pha,,,,,,,
wazonpuxo:h,NC,王冠、王子,wazon + puxu:h,,,,,,,
wazonra,NC,王廷,wazon + ra,,,,,,,
wazopar,NC,開拓、植民,wazo + par,,,,,,,
wazopar,VI,Aを開拓する、Aを植民地にする,,,,,,,,
wazoparga,A,植民地の,,,,,,,,
wazoparga,NC,植民地,wazopar + ga,,,,,,,
wazora,NC,契約者,wazo + ra,,,,,,,
wazwr,A,人目を引く、有名な、高名な,,,,,,,,
wazwrAda,NC,人名(高名な有徳者),wazur + Ada,,,,,,,
we:r,A,系の、世界の、ふつうの、共通の,,,,,,,,
we:r,ND,系、世界、普遍、共通,,,,,,,,
we:ran,NC,人名(普遍の善き人),we:r + wan,,,,,,,
we:rpwxo:h,NC,(同じ父を持つ)兄弟姉妹、嫡子,we:r + puxu:h,,,,,,,
webom,ND,ハナバチ,,,,,,,,
webompho:zj,NC,ハチミツ,webomphu:zi,,,,,,,
wej,NC,設置、配置、配備、建設、設定、待機,,,,,,,,
wej,VI,Aを置く、Aを配置する、Aを配備する、Aを建設する、Aを設定する、Aを待たせる、Aを残す,,,xan wej (自分が)待つ hob wej 置き換える,,,,,
wejna,VI,Aに勝つ、Aに勝利する、Aを打ち負かす、A(捕虜・賠償金)を勝ち取る、A(身分・地位・特権)を獲得する,,,,,,,,
wejpron,NC,建設院,wej + pron,,,,,,,
wen,A,平らの、平地の、安定した、安心した、すっきりした、手際のよい,,,,,,,,
wen,ND,平ら、平地、でこぼこのない、安定、安心、安堵,,,,,,,,
wenenba,NC,調和、調整,wen + jen + ba,,,,,,,
wenenba,VI,Aを調和させる、Aを調整する,,,,,,,,
wenenbare:ne,NC,協和音、聖業、聖業人(聖人),,,,,,,,
wennj,NC,直線,wen + wani,,,,,,,
wens,ND,金星,,,,,,,,
wesen,ND,ブタ、イノシシ,,,,,,,,
wetj,ND,足,,,,,,,,
wetjdamma,NC,(足を使って動力を得る車両) 一輪車、自転車,weti + damma,,ja:re duten wetidamma 二輪自転車,,,,,
wetjpo:d,NC,またぐこと、回避,weti + po:d,,,,,,,
wetjpo:d,VI,Aをまたぐ、Aを避ける,,,,,,,,
wezj,ND,虫,,,,,,,,
wjdam,ND,巻くこと、巻いたもの、巻物、循環 巻,,,,,,,,
wjdam,VI,Aを巻く、Aを循環させる,,,,,,,,
wogh,ND,まゆげ,,,,,,,,
wometa,VI,Aをともなう、Aをしたがえる、Aを率いる,,,,,,,,
wone:,ND,1. 従事する者、従者 2. 作業員、従業員 3. 農夫,従者,,,,,,,
wone:,VI,1. 1. Aに従事する、Aという仕事をする、Aについて作業する 2. A(作物)の農業をする 3. Aのために行く、Aの方へ行く 4. Aを履行する,,,,,,,,
wone:hor,NC,仕事、事務、業務,wone: + hor,,,,,,,
wons,ND,オンス(単位),,,,,,,,
wonsw,ND,みかん,,,,,,,,
wow hor,NC,～～によると、～～によるところ,wow + hor,,,,,,,
wow,P,～～から、～～より,,,,,,,,
wd hor,P,～～の後ろで 〜〜の裏で,,,,,,,,
wd,A,背中の 背後の 裏の 隣の 次の 子の 副 次官の,,,,,,,,
wd,AV,後ろに、後ろへ,,,,,,,,
wd,ND,1. 背中、背後、後ろ 2. 隣、つぎ 3. 次(次元)、番、号 4.子 5. 次官、次席,,,ja:ren wud 対性の人 sepmin wud 原性の人,,,,,
wd,VI,Aが後続する Aがならう,,,,,,,,
wdbab,NC,後験,wud + bab,,,,,,,
wdbasago,NC,背もたれ、後見、後見人,wud + basago,,A ni wudbasago wej Aの後見をする,,,,,
wdber,AV,後に、明日に,,,,,,,,
wdber,ND,後、午後、夕方、明日,,,,,,,,
wdber,P,～～後に、～～日後に,,,,,,,,
wdennj,NC,背筋 緊張感 育ち 教育 成長 発展鍛錬 教理 製錬 精錬 製鉄 還元,wud + wenni,,wen wudenni まっすぐな背筋(きちんと教育されていること・人),pajwen wudenni 歪んだ背筋(ちゃんと教育されてないこと・人),wudenni go: ba 背筋を見せつける(自分の育ちが出ること),,,
wdennj,VI,Aの背筋が張る Aが緊張する Aが育つ Aが教育される Aが成長する Aが発展する Aが鍛錬される A(金属)が製錬(精錬)される Aが還元される,,,zetos wudenni 製鉄する,,,,,
wdpha,NC,追随者、後輩、追跡者,wud + pha,,,,,,,
wdpisxj,NC,バイアス、偏見,wud + pisxi,,,,,,,
wdrjnazon,NC,人名(後嗣王),wud + rin + wazon,,,,,,,
wdwjdam,ND,背景,,,,,,,,
wme:h ba,VT,BがAを奪う、BがA(身分、職など)を剥奪する、BがAを取り除く、BがAを処分する、BがAを廃棄する,,,,,,,,
wme:h,ND,授受、取得、徴収、徴発、国,,,,,,,,
wme:h,VI,Aをもらう、Aをいただく、Aをさずかる、Aを徴収する、Aを課す Aをつかさどる,,,,,,,,
wme:hba,NC,奪取、剥奪、解雇、免職、更迭、強奪、除去、処分、廃棄,wumi:h + ba,,jepix wumi:hba 荒廃,,,,,
wme:hpron,NC,徴収院,wumi:h + pron,,,,,,,
wme:pha,NC,国民,wumi:h + pha,,,,,,,
wnah,ND,熱、エネルギー,,,,,,,,
wranws,ND,天王星,,,,,,,,
wtjxe,VI,Aを断ち切る、Aを切り離す,,,je: wutixe 切り抜く,,,,,
wze,VI,Aがけん引される、Aが連行される,,,,,,,,
wwanojer,ND,彫刻,,,,,,,,
wwanojer,VI,Aを彫刻する,,,,,,,,
wwar,A,怒りの、憤激の、(激しい)心(精神)の、酒の(アルコールの)、酔った,,,,,,,,
wwar,ND,怒り、憤激、(激しい)心(精神)、酒(アルコール),心に突発的に起こる衝動,,nuxur wwar クリエイティビティ,,,,,
wwarbasago,NC,怒らせる、いらだたせる、腹立たしい,wwar + basago,,,,,,,
wwaretan,NC,オオムギ,wwar + setan,,,,,,,
wwarta:,NC,人名(憤激を行なう(者)),wwar + ta:,,,,,,,
wwoban,VI,Aに七を掛ける,,,,,,,,
wwoberten,NC,七月,wwor + berten,,,,,,,
wwonam,NC,赤色,wwor + nam,,,,,,,
wwor,ND,七,,,,,,,,
wwor,A,第七の,,,,,,,,
wworjz,VI,Aから七を引く,,,,,,,,
wworjwr,VI,Aを七で割る,,,,,,,,
wworon,VI,Aに七を加える,,,,,,,,
xa:bon,ND,炭素,,,,,,,,
xa:br,ND,馬,,,,,,,,
xa:n,A,剣の、勇者の,,,,,,,,
xa:n,ND,刃、剣、刀,,,,,,,,
xa:ndwgapha,NC,剣諸侯,xa:n + dwgapha,,,,,,,
xa:nga,NC,剣土、剣領(勇者の領地),xa:n + ga,,,,,,,
xa:npha,NC,軍師、剣僚,xa:n + pha,,,,,,,
xa:nra,NC,剣閣,xa:n + ra,,,,,,,
xa:nron,NC,剣士(勇者の私兵)、剣士府,xa:n + ron,,,,,,,
xa:nxwr,NC,剣士、剣客,xa:n + xur,,,,,,,
xaberten,NC,十一月,xapra + berten,,,,,,,
xaghjno,ND,カジノ,,,,,,,,
xan,ND,1. 自分,,,,,,,,
xan,NP,1. 自分自身,,,,,,,,
xandera,ND,カンデラ(単位),,,,,,,,
xanj,ND,距離,,,xani wow 距離のある,,,,,
xanparan,NC,人名(自衛),xan + paran,,,,,,,
xanra,NC,自宅,xan + ra,,,,,,,
xap,ND,頭 南 伯(長子),,,,,,,,
xapban,VI,Aに十一を掛ける,,,,,,,,
xapjsxj,NC,(頭・腰をかがめた)お辞儀、一礼,xap + pisxi,,xapisxi sunog お辞儀をする、一礼する,,,,,
xapje:,NC,断頭、処刑,xap + je:,,,,,,,
xappa:,ND,銅,,,,,,,,
xapra,ND,十一,,,,,,,,
xapran,VI,Aに十一を加える,,,,,,,,
xaprjz,VI,Aから十一を引く,,,,,,,,
xaprjwr,VI,Aを十一で割る,,,,,,,,
xarjxwram,ND,カリキュラム,,,,,,,,
xarxj,ND,混在、混沌、カオス,,,,,,,,
xarxj,VI,Aを混ぜる,,,,,,,,
xases,ND,骨,,,,,,,,
xawo,ND,道、(行動の)路線、経路,,,,,,,,
xaworon,NC,経歴、(物事の)背景,xawo + ron,,,,,,,
xawzej,ND,不安(のものごと)、心配(なものごと)、憂鬱,,,,,,,,
xawzej,VI,Aを心配する、Aを憂う,,,,,,,,
xaxter,ND,カクテル,,,,,,,,
xe:ro,ND,1. 昔、過去,,,xe:ro ber むかし、過去において,,,,,
xerbjn,ND,ケルビン(単位),,,,,,,,
xetban,VI,Aに十九を掛ける,,,,,,,,
xeter,ND,十九,,,,,,,,
xeterjz,VI,Aから十九を引く,,,,,,,,
xeterjwr,VI,Aを十九で割る,,,,,,,,
xeteron,VI,Aに十九を加える,,,,,,,,
xjhj ba,VT,Aを非難する,,,,,,,,
xjhj,VI,Aを打つ、Aを叩く,,,,,,,,
xjhjba,NC,非難,xihj + ba,,,,,,,
xjmo,ND,1. 鼻,,,,,,,,
xjrogram,ND,キログラム(単位),,,,,,,,
xjseg,A,美しい,,,,,,,,
xjseg,ND,美、美貌、美容,,,,,,,,
xjsegOjo,NC,人名(美貌),xiseg + Ojo,,,,,,,
xjo:re,ND,割り当て、管理、管理者,,,,,,,,
xjo:re,VI,Aを割り当てる、Aを管理する,,,,,,,,
xjo:rehor,NC,(割り当てられたもの) 区域、区画、領域、担当、管轄、職務,,,phajo:b xju:reba 選挙区,,,,,
xjwr,A,小さい、小なる、少ない、劣勢の、潜性の,,,,,,,,
xjwr,ND,商、小、原子、分配(平等的配分)、分配物、札、カード、劣勢、潜性、平等 ,,,,,,,,
xjwr,VI,1. Aが割れる 2. Aが減る、Aが縮小する、Aが衰退する、Aが柔らぐ 3. Aが分裂する Aが分解する,,,,,,,,
xjwr ba,VT,BがAを分解する BがAを分裂させる,,,,,,,,
xjwrba,NC,分解 分裂,xjwr + ba,,,,,,,
xjwrAda,NC,小位,xjur + Ada,,,,,,,
xjwrasw,NC,(カードを出す) 入札,xjur + wasu,,,,,,,
xjwrga,NC,領地、口座,xjur + ga,,,,,,,
xjwrmazber,NC,秋分点、秋,xjur + mazber,,,,,,,
xjwrpronat,NC,(小型の船舶) ボート,xjur + pronat,,,,,,,
xjwrserze,NC,1. 応用 2. 指揮 3.1.  運用、運営 3.2. 経営,xjur + serze,,,,,,,
xjwrserze,VI,1. Aを応用する、Aを用いる 2. Aを指揮する 3.1. Aを運用(運営)する 3.2. Aを経営する,,,,,,,,
xjwrzuga,NC,緩衝、緩衝材、緩衝となる人・もの,xjur + zuga,,,,,,,
xo:,ND,膜、面、相,,,,,,,,
xo:ts,ND,石英、水晶,,,,,,,,
xob,ND,手,,,,,,,,
xobdaw,NC,手すさび、趣味の遊び、趣味人、好事家,xob + daw,,,,,,,
xobhobber,NC,手癖,xob + hobber,,,,,,,
xobjsxj,NC,挙手の礼、敬礼,xob + pisxi,,xobisxi ton 挙手の礼をする、敬礼する,,,,,
xobxjhj,NC,拍手,xob + xihj,,,,,,,
xonxrj,ND,コンクリート,,,,,,,,
xor,ND,風 流れ 流体 物事のなりゆき 帰結 結果 歴史,,,,,,,,
xw,P,～～の,,,,,,,,
xwr daw,AV,おたがいに,,,,,,,,
xwr hor,P,～～というものは,,,,,,,,
xwr,AV,円に、丸く,,,,,,,,
xwr,ND,1. 円、2.1. 取り扱い 2.2. 取り扱う者 3.1. 操縦 3.2. 操縦者 4.1. 工作、技巧、技能、芸術 4.2. (工芸品、芸術作品などの)作品 4.3. 工作者、技術者,,,xur daw おたがいに,,,,,
xwr,P,～～について ～～に関して 〜〜の中で,,,,,,,,
xwr,VI,1. Aを回す 2.1. Aを取り扱う 2.2. Aを操縦する、Aを操る 3.1. Aを巧みに作る、Aを工作する、Aを制作する 3.2. Aを設計する,,,,,,,,
xwrdawazo,NC,相関関係,xur daw + wazo,,,,,,,
xwrdawazo,VI,(C ni)AがCに相関する,,,,,,,,
xwrdawdottopha,NC,配偶者,xur daw + dottopha,,,,,,,
xwrdawnana,NC,対立,xur daw + nana,,,,,,,
xwrdawOn,NC,合意,xur daw + On,,,,,,,
xwrdawswnogbara,NC,評議会、評議員,xur daw + sunog ba + ra,,,,,,,
xwrdawxawo,NC,対面道路,xur daw + xawo,,,,,,,
xwren,NC,売買、売買契約、交渉、商業、会議、円卓会議、外交,xur + jen,,,,,,,
xwren,VI,Aで交わる Aで交差する Aが取引される Aが売買される Aについて話す Aについて交渉する Aについて外交する,,,,,,,,
xwrenber,NC,市場,xuren + ber,,,,,,,
xwrendar,NC,競売、オークション,xuren + dar,,,,,,,
xwrenhor,NC,商品,xuren + hor,,,,,,,
xwrenpha,NC,外交官,xuren + pha,,,,,,,
xwrenpron,NC,交易院,xuren + pron,,,,,,,
xwrenra,NC,商人、ディーラー、商店、ショップ、(外交の場),xuren + ra,,,,,,,
xwrga,NC,責任の領域、分野、管轄、ドメイン,xur + ga,,,,,,,
xwrpha,NC,1. 取扱者、操縦者 2. 職人、技術者、制作者、設計者 3. 芸術家,xur + pha,,hjme:r xurpha 建築家,,,,,
xwrxjo:re,NC,人名(技術者の管理者),xur + xju:re,,,,,,,
xwxj,ND,クッキー、ビスケット,cookie(英語),,,,,,,
xwpa,ND,壁、崖,,,,,,,,
za:ban,VI,Aに六十を掛ける,,,,,,,,
za:r,ND,1. 六十(六十進法) 2. 広零,,,,,,,,
za:rjz,VI,Aから六十を引く,,,,,,,,
za:rjwr,NC,(六十で割られること・割られたもの)1. 六十分の一 2. 分(時間),za:r + xjur,,,,,,,
za:rjwr,VI,Aを六十で割る,,,,,,,,
za:ron,VI,Aに六十を加える,,,,,,,,
zaja,ND,1. 出っぱり 2. (家の)ひさし、のき 3. 唇,,,,,,,,
zapda,ND,恐怖、畏怖、わきまえ、道理、道徳,,,,,,,,
zenban,VI,Aに四を掛ける,,,,,,,,
zenber,NC,木曜日,zent + ber,,,,,,,
zenberten,NC,四月,zent + berten,,,,,,,
zennam,NC,紫色,zent + nam,,,,,,,
zen,A,第四の,,,,,,,,
zent,ND,四,,,,,,,,
zentjz,VI,Aから四を引く,,,,,,,,
zentjwr,VI,Aを四で割る,,,,,,,,
zenton,VI,Aに四を加える,,,,,,,,
zetos,ND,1.1. 鉄、鋼鉄 1.2. 金属 2.1. 兵器 2.2. 防御,,,,,,,,
zetosjo:g,NC,鉄器時代,zetos + jo:g,,,,,,,
zj,ND,図 絵 紙芝居 アニメーション 映画 動画,,,,,,,,
zjmaro,NC,紋章、家紋、代紋、ブランド,zi + maro,,,,,,,
zjn hor,P,～～とのこと,,,,,,,,
zjn,A,1. 塵の、粉の 2. 魔法の、魔の 3. 虚の 4. 地の 5. 物質の 6.行列の 7.同時の,,,,,,,,
zjn,AV,いっしょに、ならんで、ともに,,,,,,,,
zjn,CON,(並列)～～と～～,,,,,,,,
zjn,ND,1.1. 塵、粉 1.2. 原子、粒子、構成単位 2.1. 形、物質 2.2. あらゆる実体 3. 地、地上  7. 魔法、魔、虚 8. 並列、同伴、行列 無生殖 生殖能力がないこと 無性 中性,,,,,,,,
zjn,P,～～といっしょに、～～とならんで、～～も、～～とともに,,,,,,,,
zjnasw,NC,助言、忠告、相談、カウンセリング,zin + wasu,,zinasu jetos 相談する,,,,,
zjnasw,VI,Aを助言する、Aを相談する、Aについて忠告する,,,,,,,,
zjnaswpha,NC,助言者、コンサルタント、カウンセラー、参謀、大臣,zinasu + pha,,,,,,,
zjnaswra,NC,参謀本部、内閣、コンサルタントファーム,zinasu + ra,,,,,,,
zjnbar,NC,墨、墨汁、黒色,zin + bar,,,,,,,
zjnber,NC,魔界,zin + ber,,,,,,,
zjndw,NC,魔族,zin + dw,,,,,,,
zjnejn,NC,炭素、ケイ素,zin + tejin,,,,,,,
zjnen,NC,物質化、凝固,zin + jen,,,,,,,
zjnen,VI,Aが物質化する、Aが固まる、Aが凝固する,zin + jen,,,,,,,
zjnga,NC,地球、大地,zin + ga,,,,,,,
zjngaron,NC,陸軍,zinga + ron,,,,,,,
zjngasetan,NC,トンネル、地下口,zinga + setan,,,,,,,
zjngazodw,NC,共有,zin + gazo + dw,,,,,,,
zjngazodwir,NC,共産主義,zingazodw + jir,,,,,,,
zjngazodwjrra,NC,共産党、共産主義者,zingazodwir + ra,,,,,,,
zjnjwr,NC,炭素原子、ケイ素原子,zin + xjur,,,,,,,
zjnnw,NC,人名(魔の隠者),zin + nu,,,,,,,
zjno:,NC,炭化物イオン、炭酸イオン、ケイ酸イオン,zin + zo:,,,,,,,
zjnpron,NC,法源 法源院,zin + pron,,,,,,,
zjnra,A,連立の,,,,,,,,
zjnra,NC,(政党の)連立、連立政権,zin + ra,,,,,,,
zjnrjp,NC,1. 物質 2. 魔法,zin + rip,,,,,,,
zjnserze,NC,魔法、魔法の能力,zin + serze,,,,,,,
zjntemjn,NC,(土の色) 茶色、ブラウン,zin + temin,,,,,,,
zjnton,NC,(地を)はうこと、匍匐,,,,,,,,
zjnton,VI,Aがはう、Aが匍匐する,,,,,,,,
zjnwana:xa,NC,同情、共感,zin + wana:xa,,,,,,,
nwzwga,NC,砂浜,nu + zuga,,,,,,,
zjxwr,VI,A(図、絵、紙芝居、アニメーション)を描く、Aを描写する、Aを制作する,zi + xur,,,,,,,
zjwr,A,=ja:rjur,,,,,,,,
zjwr,ND,=ja:rjur,,,,,,,,
zjwr,VI,=ja:rjur,,,,,,,,
zjwrasw,NC,(解を半券に書いて出す)投票,ja:rjur + wasu,,,,,,,
zjwrpron,NC,交票院,ja:rjur + pron,,,,,,,
zo:,A,1. 軽い 2. 細い 3. より悪い、より少ない,,,,,,,,
zo:,AV,もはや、すでに,,,,,,,,
zo:,ND,軽、粒子,,,,,,,,
zo:,VI,1. Aのテトレーションの逆をする 2. Aを軽くする,,,,,,,,
zo:Ada,NC,軽位,zo: + Ada,,,,,,,
zwga daw,P,～～の間で,,,,,,,,
zwga,A,くぼみの、谷の、間の、すきまの、境界の、沿岸の、耳の,,,,,,,,
zwga,ND,くぼみ、谷、間、すきま、境界、境界線、岸、沿岸、耳,,,suma zuga 国境線,,,,,
zwgapjz,NC,(穴を埋める) 補償、補償金,zuga + piz,,,,,,,
zwgapjz,VI,Aを補う,,,,,,,,
zwgaton,NC,(穴をつくる) すきまを作る、間引く、堕胎,zuga + ton,,,,,,,
zwgazjwr,NC,(くぼんだ形の小型の容器) 鉢、ボウル、どんぶり、洗面器、たらい,zuga + zjur,,,,,,,
zwn,ND,火、炎,,,,,,,,
zwn,VI,Aを焼く、Aが燃焼する、Aが錆びる、Aが酸化する,酸素との反応すること,,,,,,,
zwnejn,NC,酸素、硫黄,zun + tejin,,,,,,,
zwnga,NC,陶器、レンガ,zun + ga,,,,,,,
zwno:,NC,酸素イオン、酸化物イオン、硫化物イオン、硫酸イオン,zwn + zo:,,,,,,,
zwnra,NC,1. 炉、かまど 2.1. (住居用の)家屋 2.2. 一家、家庭、家族、世帯 3. 学校,zun + ra,,,,,,,
zwnxjwr,NC,酸素原子、硫黄原子,zun + xjur,,,,,,,
